q_index,node,node_type,gap,full_ratio,top1_ratio,top3_ratio,contrast_ratio,tool_call_tags_ratio,tools_block_ratio,user_block_ratio,attn_contrast_clean,attn_tool_call_tags_clean,attn_tools_block_clean,attn_user_block_clean,attn_recent_32_clean,attn_prefix_16_clean,attn_contrast_corrupt,attn_tool_call_tags_corrupt,attn_tools_block_corrupt,attn_user_block_corrupt,attn_recent_32_corrupt,attn_prefix_16_corrupt,top1_pos,top1_token,top1_category,target_logit_delta,distractor_logit_delta,top_positive_tokens
67,L17H8,head,8.375,0.34328358208955223,0.13432835820895522,0.1791044776119403,0.05970149253731343,0.08955223880597014,0.08955223880597014,-0.029850746268656716,0.002210750477388501,0.008437413722276688,0.0,0.22914527356624603,0.11564265191555023,0.12942078709602356,0.009066661819815636,0.004092441871762276,0.0,0.30363261699676514,0.1087355762720108,0.2550208270549774,0,<|im_start|>,other,0.875,-2.0, either | .AnchorStyles |  生命周期函数 | 周岁 | callable
67,L20H5,head,8.375,0.3283582089552239,0.13432835820895522,0.26865671641791045,0.014925373134328358,0.029850746268656716,0.014925373134328358,0.23880597014925373,9.105553181143478e-05,0.026512064039707184,0.0,0.2603011727333069,0.18291141092777252,0.031185371801257133,0.0001822987978812307,0.013080510310828686,0.0,0.5444254279136658,0.1612343192100525,0.03053273633122444,29,></,other,1.0,-1.75, orally |  charged |  Minority |  windy |  antib
67,L21H1,head,8.375,0.417910447761194,-0.1044776119402985,0.3880597014925373,-0.08955223880597014,0.04477611940298507,-0.08955223880597014,-0.014925373134328358,0.0013260256964713335,0.07781736552715302,0.0,0.1507987082004547,0.022293008863925934,0.3959755003452301,0.00024035669048316777,0.0246049165725708,0.0,0.19477656483650208,0.022760488092899323,0.5444919466972351,0,<|im_start|>,other,1.25,-2.25,.ColumnHeader |  polled |  ● |  � | .setVerticalGroup
67,L21H12,head,8.375,0.3582089552238806,0.34328358208955223,0.34328358208955223,-0.05970149253731343,-0.029850746268656716,-0.05970149253731343,-0.04477611940298507,0.003213123884052038,0.03712044283747673,0.0,0.06169641762971878,0.045980121940374374,0.08149055391550064,0.00021337391808629036,0.021802006289362907,0.0,0.17256663739681244,0.09328582882881165,0.13264904916286469,111,\n,other,1.0,-2.0,闪电 |  Carl |  polled | 政策 |  τ
67,L23H6,head,8.375,0.2537313432835821,0.0,0.26865671641791045,-0.029850746268656716,-0.029850746268656716,-0.014925373134328358,-0.029850746268656716,0.00024170892720576376,0.006001132540404797,0.0,0.044215939939022064,0.08737234026193619,0.4557713270187378,0.00013977073831483722,0.006723116617649794,0.0,0.11458113044500351,0.14688193798065186,0.4025396704673767,0,<|im_start|>,other,0.75,-1.375,MouseClicked | .AnchorStyles | .Panel | ActionPerformed |  voluntarily
67,L24H6,head,8.375,0.26865671641791045,0.3582089552238806,0.373134328358209,-0.029850746268656716,0.34328358208955223,-0.014925373134328358,-0.08955223880597014,9.683096322987694e-06,0.9455976486206055,0.0,0.012889944016933441,0.007522733882069588,0.02653423510491848,0.00011523198918439448,0.7238505482673645,0.0,0.0499730184674263,0.03510461002588272,0.16039270162582397,105,<tool_call>,tool_call_tags,0.125,-2.125, � |  � |  Doors |  � |  Linux
67,MLP11,mlp,8.375,0.1044776119402985,nan,nan,nan,nan,nan,nan,nan,nan,nan,nan,nan,nan,nan,nan,nan,nan,nan,nan,-1,,,0.25,-0.625, OPEN | =open | 曰 | open | (open
67,MLP20,mlp,8.375,0.08955223880597014,nan,nan,nan,nan,nan,nan,nan,nan,nan,nan,nan,nan,nan,nan,nan,nan,nan,nan,-1,,,0.5,-0.25,门户网站 | ointment | (open | 考 | ampled
67,MLP22,mlp,8.375,0.2537313432835821,nan,nan,nan,nan,nan,nan,nan,nan,nan,nan,nan,nan,nan,nan,nan,nan,nan,nan,-1,,,0.875,-1.25,mıştır | 产后 |  caliente | lessly |  windy
67,MLP27,mlp,8.375,0.3582089552238806,nan,nan,nan,nan,nan,nan,nan,nan,nan,nan,nan,nan,nan,nan,nan,nan,nan,nan,-1,,,1.0,-2.0,"•\n\n | (open | …”\n\n | =(- | =["""
68,L17H8,head,8.25,0.3181818181818182,0.06060606060606061,0.06060606060606061,0.09090909090909091,0.09090909090909091,0.030303030303030304,-0.030303030303030304,0.004563534166663885,0.011087488383054733,0.0,0.2708938419818878,0.14048323035240173,0.11693805456161499,0.013438519090414047,0.006766118109226227,0.0,0.3276650309562683,0.11659127473831177,0.21489813923835754,0,<|im_start|>,other,1.0,-1.625,<tool_call> | -Headers | .AnchorStyles | 减持 |  either
68,L20H5,head,8.25,0.3484848484848485,0.13636363636363635,0.3181818181818182,0.06060606060606061,0.015151515151515152,0.015151515151515152,0.25757575757575757,0.00015020405407994986,0.010629554279148579,0.0,0.3972828686237335,0.08591529726982117,0.015574476681649685,0.00017822629888541996,0.0068513695150613785,0.0,0.6588761210441589,0.05686661973595619,0.009793611243367195,29,></,other,0.875,-2.0, charged |  orally |  jspb |  InputStreamReader | .Axis
68,L21H1,head,8.25,0.45454545454545453,-0.045454545454545456,0.3484848484848485,-0.06060606060606061,0.030303030303030304,-0.045454545454545456,0.0,0.0022519449703395367,0.052274443209171295,0.0,0.2493283450603485,0.01939515396952629,0.3495500683784485,0.00048339884961023927,0.01872870698571205,0.0,0.2860091030597687,0.01637161895632744,0.4959104657173157,0,<|im_start|>,other,1.5,-2.25, drilled | <tool_call> |  carried | 减持 |  letters
68,L21H12,head,8.25,0.4393939393939394,0.3939393939393939,0.3939393939393939,-0.09090909090909091,-0.06060606060606061,-0.09090909090909091,-0.07575757575757576,0.004398723132908344,0.028445200994610786,0.0,0.06606101989746094,0.06861672550439835,0.09389622509479523,0.0003418705891817808,0.021077807992696762,0.0,0.15760231018066406,0.1434055119752884,0.15221020579338074,111,\n,other,1.25,-2.375,<tool_call> |  drilled | 闪电 |  triangular |  Carl
68,L23H6,head,8.25,0.30303030303030304,0.30303030303030304,0.30303030303030304,-0.030303030303030304,-0.030303030303030304,-0.030303030303030304,-0.045454545454545456,0.00034596704063005745,0.002586625050753355,0.0,0.059548668563365936,0.10763373225927353,0.37724384665489197,0.00011104360601166263,0.0024034702219069004,0.0,0.10059557855129242,0.15172266960144043,0.32524803280830383,381,\n\n,other,0.75,-1.75,.AnchorStyles |  quarters | .Panel |  lắm | <tool_call>
68,L24H6,head,8.25,0.3787878787878788,0.42424242424242425,0.4393939393939394,-0.030303030303030304,0.4393939393939394,-0.030303030303030304,-0.09090909090909091,1.5677576811867766e-05,0.9286708235740662,0.0,0.019713182002305984,0.010801045224070549,0.03201347216963768,0.00032503186957910657,0.663752555847168,0.0,0.05844118073582649,0.029849469661712646,0.21238303184509277,105,<tool_call>,tool_call_tags,0.375,-2.75,间 |  � |  Linux |  Doors | .Arrays
68,MLP11,mlp,8.25,0.07575757575757576,nan,nan,nan,nan,nan,nan,nan,nan,nan,nan,nan,nan,nan,nan,nan,nan,nan,nan,-1,,,0.125,-0.5,opic | reating | processing | ething | ]:\n
68,MLP20,mlp,8.25,0.3181818181818182,nan,nan,nan,nan,nan,nan,nan,nan,nan,nan,nan,nan,nan,nan,nan,nan,nan,nan,-1,,,1.125,-1.5, passports | ampled |  taxpayers | .rooms | (InputStream
68,MLP22,mlp,8.25,0.25757575757575757,nan,nan,nan,nan,nan,nan,nan,nan,nan,nan,nan,nan,nan,nan,nan,nan,nan,nan,-1,,,1.0,-1.125, coward |  rep |  perform | 轾 | 产后
68,MLP27,mlp,8.25,0.45454545454545453,nan,nan,nan,nan,nan,nan,nan,nan,nan,nan,nan,nan,nan,nan,nan,nan,nan,nan,-1,,,1.375,-2.375, quarters | Ĩ | .Master |  харак |  allegedly
70,L17H8,head,2.875,0.6521739130434783,0.17391304347826086,0.13043478260869565,0.0,0.17391304347826086,0.17391304347826086,0.043478260869565216,0.002014694968238473,0.004121965728700161,0.0,0.19534027576446533,0.1105954572558403,0.22149674594402313,0.010212681256234646,0.002074486343190074,0.0,0.27296411991119385,0.09467195719480515,0.3181920647621155,0,<|im_start|>,other,0.875,-1.0,<tool_call> | .DateField | 吃什么 |  freshly | .AnchorStyles
70,L20H5,head,2.875,0.5652173913043478,0.43478260869565216,0.43478260869565216,0.043478260869565216,0.043478260869565216,0.043478260869565216,0.30434782608695654,0.00021788687445223331,0.010688349604606628,0.0,0.5430887937545776,0.13221599161624908,0.03567258641123772,0.0003737325023394078,0.009784947149455547,0.0,0.6518733501434326,0.12391377985477448,0.024401642382144928,139,.py,user_block,0.625,-1.0, orally | .AnchorStyles |  charged | 间 |  briefed
70,L21H1,head,2.875,0.7391304347826086,0.0,0.5652173913043478,0.043478260869565216,0.043478260869565216,-0.043478260869565216,-0.17391304347826086,0.0024575619027018547,0.02284865267574787,0.0,0.2642958164215088,0.022688787430524826,0.48196688294410706,0.0005432221223600209,0.01073634997010231,0.0,0.24298030138015747,0.015577830374240875,0.5934259295463562,0,<|im_start|>,other,1.125,-1.0,<tool_call> | 吃什么 | .AnchorStyles |  freshly | MouseClicked
70,L21H12,head,2.875,0.5652173913043478,0.6086956521739131,0.5652173913043478,-0.21739130434782608,-0.21739130434782608,-0.08695652173913043,-0.13043478260869565,0.004119229968637228,0.0114815142005682,0.0,0.09183850884437561,0.0871114656329155,0.13794034719467163,0.0003061830357182771,0.011372408829629421,0.0,0.16100500524044037,0.1155577301979065,0.15761883556842804,111,\n,other,0.75,-0.875,<tool_call> | 周岁 | .AnchorStyles | MouseClicked |  freshly
70,L23H6,head,2.875,0.2608695652173913,0.391304347826087,0.30434782608695654,-0.043478260869565216,-0.043478260869565216,-0.043478260869565216,-0.17391304347826086,0.0009030298097059131,0.009748713113367558,0.0,0.07595396041870117,0.1564243882894516,0.3788003623485565,0.0002900350955314934,0.009573409333825111,0.0,0.117281973361969,0.21260051429271698,0.3262766897678375,320,\n\n,other,0.375,-0.375,荤 | .AnchorStyles | 开车 | .ImageTransparentColor | ActionPerformed
70,L24H6,head,2.875,0.6521739130434783,0.7391304347826086,0.782608695652174,-0.08695652173913043,0.782608695652174,-0.043478260869565216,-0.13043478260869565,0.0001268787164008245,0.7086472511291504,0.0,0.03558700904250145,0.023737408220767975,0.2020633965730667,0.0002949756453745067,0.5475661158561707,0.0,0.06196991726756096,0.04062163457274437,0.31028124690055847,105,<tool_call>,tool_call_tags,0.75,-1.125,.AnchorStyles | .DateField | 间 | 旗下 |  freshly
70,MLP11,mlp,2.875,0.17391304347826086,nan,nan,nan,nan,nan,nan,nan,nan,nan,nan,nan,nan,nan,nan,nan,nan,nan,nan,-1,,,0.25,-0.25,曰 | 之后 | 产 | while | def
70,MLP20,mlp,2.875,0.08695652173913043,nan,nan,nan,nan,nan,nan,nan,nan,nan,nan,nan,nan,nan,nan,nan,nan,nan,nan,-1,,,0.125,-0.125,	def | def |  def | -def | (def
70,MLP22,mlp,2.875,0.2608695652173913,nan,nan,nan,nan,nan,nan,nan,nan,nan,nan,nan,nan,nan,nan,nan,nan,nan,nan,-1,,,0.375,-0.375,情 | 牯 |  adul |  Wizards |  açısından
70,MLP27,mlp,2.875,0.2608695652173913,nan,nan,nan,nan,nan,nan,nan,nan,nan,nan,nan,nan,nan,nan,nan,nan,nan,nan,-1,,,0.5,-0.25,长江 |  vastly | 世间 | 万事 |  discret
71,L17H8,head,10.25,0.4146341463414634,-0.06097560975609756,0.06097560975609756,0.0,-0.024390243902439025,-0.024390243902439025,-0.06097560975609756,0.001762729836627841,0.009519833140075207,0.0,0.15724824368953705,0.1072751134634018,0.1579386591911316,0.00775470957159996,0.004216345492750406,0.0,0.25709256529808044,0.09744467586278915,0.27305883169174194,0,<|im_start|>,other,1.75,-2.5,<tool_call> | .AnchorStyles | .DateField |  either | 减持
71,L20H5,head,10.25,0.3048780487804878,0.07317073170731707,0.21951219512195122,0.012195121951219513,0.0,0.0,0.15853658536585366,0.00012012339720968157,0.020457152277231216,0.0,0.28332963585853577,0.1311633586883545,0.04741493612527847,0.000246213108766824,0.011003540828824043,0.0,0.5512521266937256,0.14478257298469543,0.04055890068411827,29,></,other,1.125,-2.0, oral |  orally |  charged |  Affero |  Minority
71,L21H1,head,10.25,0.5609756097560976,-0.13414634146341464,0.4878048780487805,-0.0975609756097561,0.036585365853658534,-0.0975609756097561,-0.06097560975609756,0.0015578953316435218,0.06558641791343689,0.0,0.1509518176317215,0.020860472694039345,0.3878730237483978,0.00037126083043403924,0.018074823543429375,0.0,0.21593524515628815,0.019512778148055077,0.5488111972808838,0,<|im_start|>,other,2.25,-3.5,<tool_call> |  ● |  RTWF | MouseClicked | .AnchorStyles
71,L21H12,head,10.25,0.45121951219512196,0.4024390243902439,0.4146341463414634,-0.0975609756097561,-0.07317073170731707,-0.08536585365853659,-0.06097560975609756,0.002291660290211439,0.02104419469833374,0.0,0.06287755817174911,0.045414894819259644,0.10079331696033478,0.0002723319339565933,0.011765455827116966,0.0,0.17825719714164734,0.09645573794841766,0.15829384326934814,111,\n,other,1.75,-2.875,.AnchorStyles | 闪电 | <tool_call> | .Cursor |  oral
71,L23H6,head,10.25,0.32926829268292684,0.2926829268292683,0.32926829268292684,-0.036585365853658534,-0.036585365853658534,-0.036585365853658534,-0.06097560975609756,0.00038757588481530547,0.006110415328294039,0.0,0.06196332722902298,0.10660087317228317,0.39218202233314514,0.00022101424110587686,0.006499597802758217,0.0,0.12161850929260254,0.15828937292099,0.3315368890762329,279,\n\n,other,1.25,-2.125,.AnchorStyles | .Panel | MouseClicked | <tool_call> | .Cursor
71,L24H6,head,10.25,0.4146341463414634,0.47560975609756095,0.4878048780487805,-0.024390243902439025,0.5121951219512195,-0.024390243902439025,-0.07317073170731707,2.843641777872108e-05,0.8977594375610352,0.0,0.014575079083442688,0.01166476123034954,0.06115873157978058,0.00028659511008299887,0.5370053648948669,0.0,0.05405586212873459,0.0422566682100296,0.3119732737541199,105,<tool_call>,tool_call_tags,0.875,-3.375,间 |  Linux |  track | .Arrays | .Columns
71,MLP11,mlp,10.25,-0.04878048780487805,nan,nan,nan,nan,nan,nan,nan,nan,nan,nan,nan,nan,nan,nan,nan,nan,nan,nan,-1,,,-0.375,0.125,<N | <E | 敖 | 草案 | _<
71,MLP20,mlp,10.25,0.15853658536585366,nan,nan,nan,nan,nan,nan,nan,nan,nan,nan,nan,nan,nan,nan,nan,nan,nan,nan,-1,,,0.875,-0.75,ampled | 门户网站 | .Keyword | 考 | 主持人
71,MLP22,mlp,10.25,0.2682926829268293,nan,nan,nan,nan,nan,nan,nan,nan,nan,nan,nan,nan,nan,nan,nan,nan,nan,nan,-1,,,1.125,-1.625,mıştır |  youths |  windy | .Children | 轾
71,MLP27,mlp,10.25,0.4146341463414634,nan,nan,nan,nan,nan,nan,nan,nan,nan,nan,nan,nan,nan,nan,nan,nan,nan,nan,-1,,,2.0,-2.25,或者其他 | .Master | .every | 题主 | 还可以
72,L17H8,head,7.625,0.4426229508196721,0.16393442622950818,0.18032786885245902,0.09836065573770492,0.08196721311475409,0.08196721311475409,0.16393442622950818,0.0019300072453916073,0.005425380542874336,0.0,0.21129567921161652,0.10412005335092545,0.2165902853012085,0.010279101319611073,0.0024204542860388756,0.0,0.26757556200027466,0.10628239810466766,0.3567391037940979,0,<|im_start|>,other,1.25,-2.125,<tool_call> | 减持 | .DateField | .AnchorStyles |  either
72,L20H5,head,7.625,0.29508196721311475,0.08196721311475409,0.2459016393442623,0.04918032786885246,0.04918032786885246,0.0,0.22950819672131148,0.00015784728748258203,0.016234099864959717,0.0,0.3821867108345032,0.15009497106075287,0.03706987574696541,0.00019813631661236286,0.009535834193229675,0.0,0.616014301776886,0.11424586921930313,0.027161693200469017,29,></,other,0.875,-1.375, charged |  orally |  oral |  jspb | /vendors
72,L21H1,head,7.625,0.5737704918032787,-0.04918032786885246,0.4918032786885246,-0.04918032786885246,-0.01639344262295082,-0.06557377049180328,-0.06557377049180328,0.0015687132254242897,0.050264403223991394,0.0,0.1697012037038803,0.014447225257754326,0.45746004581451416,0.00028148878482170403,0.01559506356716156,0.0,0.17861023545265198,0.013217423111200333,0.6398977637290955,0,<|im_start|>,other,1.75,-2.625,<tool_call> |  oral |  ● | .Cursor |  RTWF
72,L21H12,head,7.625,0.5245901639344263,0.47540983606557374,0.45901639344262296,-0.01639344262295082,-0.04918032786885246,-0.06557377049180328,-0.04918032786885246,0.0027618787717074156,0.02346707321703434,0.0,0.06959564238786697,0.05756755545735359,0.10334978997707367,0.00024318552459590137,0.014315232634544373,0.0,0.20388762652873993,0.11046229302883148,0.14441849291324615,111,\n,other,1.5,-2.5,<tool_call> | .Cursor | .charAt | 减持 | .AnchorStyles
72,L23H6,head,7.625,0.36065573770491804,0.01639344262295082,0.3442622950819672,0.0,-0.01639344262295082,0.0,0.0,0.0003347164310980588,0.0067128934897482395,0.0,0.047095801681280136,0.10195307433605194,0.45162495970726013,0.0001766092173056677,0.006896532606333494,0.0,0.09692312777042389,0.14593520760536194,0.42119264602661133,0,<|im_start|>,other,1.0,-1.75,.AnchorStyles | .Panel | \TestCase | <tool_call> | .Cursor
72,L24H6,head,7.625,0.4262295081967213,0.5409836065573771,0.5573770491803278,-0.01639344262295082,0.5573770491803278,-0.01639344262295082,-0.08196721311475409,2.2025777070666663e-05,0.8914070129394531,0.0,0.019673418253660202,0.011068361811339855,0.066645547747612,0.00019071201677434146,0.6032469272613525,0.0,0.06219581142067909,0.036905888468027115,0.2569563686847687,105,<tool_call>,tool_call_tags,0.75,-2.5,间 | .Arrays |  Linux | .DateField | .AnchorStyles
72,MLP11,mlp,7.625,0.19672131147540983,nan,nan,nan,nan,nan,nan,nan,nan,nan,nan,nan,nan,nan,nan,nan,nan,nan,nan,-1,,,0.75,-0.75,creasing | 或者其他 | —even | 产后 | urance
72,MLP20,mlp,7.625,0.21311475409836064,nan,nan,nan,nan,nan,nan,nan,nan,nan,nan,nan,nan,nan,nan,nan,nan,nan,nan,-1,,,0.75,-0.875, Airways |  passports | .Payment | 考 |  prepaid
72,MLP22,mlp,7.625,0.2459016393442623,nan,nan,nan,nan,nan,nan,nan,nan,nan,nan,nan,nan,nan,nan,nan,nan,nan,nan,-1,,,0.875,-1.0,产后 |  appar | 轾 | mıştır |  youths
72,MLP27,mlp,7.625,0.4098360655737705,nan,nan,nan,nan,nan,nan,nan,nan,nan,nan,nan,nan,nan,nan,nan,nan,nan,nan,-1,,,1.5,-1.625,.Master | 还可以 | 说是 | 错过 | 快三
73,L17H8,head,7.125,0.3333333333333333,0.05263157894736842,0.0,0.0,0.03508771929824561,0.03508771929824561,0.0,0.004615114536136389,0.008702477440237999,0.0,0.23246537148952484,0.09290049225091934,0.1728501319885254,0.013818527571856976,0.004193589091300964,0.0,0.3004547953605652,0.09656041860580444,0.26211416721343994,0,<|im_start|>,other,1.0,-1.375,<tool_call> | 减持 | 周岁 |  charged |  intervals
73,L20H5,head,7.125,0.22807017543859648,0.07017543859649122,0.14035087719298245,-0.07017543859649122,-0.07017543859649122,-0.03508771929824561,0.08771929824561403,0.00012526358477771282,0.012296613305807114,0.0,0.35762786865234375,0.07383736222982407,0.02020973153412342,0.0002187799254897982,0.006390670780092478,0.0,0.6327226161956787,0.06247766688466072,0.014241031371057034,29,></,other,0.625,-1.0, orally |  GPUs |  charged | USTER |  oral
73,L21H1,head,7.125,0.49122807017543857,-0.08771929824561403,0.38596491228070173,-0.07017543859649122,0.03508771929824561,-0.07017543859649122,-0.07017543859649122,0.0036666698288172483,0.04756539314985275,0.0,0.27049148082733154,0.016616182401776314,0.33664146065711975,0.0009150666301138699,0.01676218956708908,0.0,0.30680257081985474,0.015619826503098011,0.4861128330230713,0,<|im_start|>,other,1.5,-2.0,<tool_call> | 减持 |  RTWF |  drilled |  oral
73,L21H12,head,7.125,0.42105263157894735,0.3684210526315789,0.38596491228070173,-0.07017543859649122,-0.05263157894736842,-0.07017543859649122,-0.07017543859649122,0.0028957705944776535,0.022044993937015533,0.0,0.06527719646692276,0.05846869572997093,0.11523472517728806,0.0003574225993361324,0.013568599708378315,0.0,0.16844697296619415,0.08807320892810822,0.1695639193058014,111,\n,other,1.25,-1.75,<tool_call> |  ● | 闪电 | 减持 |  RTWF
73,L23H6,head,7.125,0.2982456140350877,0.2807017543859649,0.2807017543859649,-0.03508771929824561,-0.03508771929824561,-0.03508771929824561,-0.05263157894736842,0.000899020116776228,0.0028700856491923332,0.0,0.08168163150548935,0.12138474732637405,0.344631165266037,0.00020150802447460592,0.002528041834011674,0.0,0.12831109762191772,0.17726905643939972,0.2885829210281372,385,\n\n,other,0.75,-1.375,.AnchorStyles |  lắm | <tool_call> |  ”\n\n | OLTIP
73,L24H6,head,7.125,0.2807017543859649,0.3684210526315789,0.3684210526315789,0.0,0.3684210526315789,0.0,-0.07017543859649122,3.933029074687511e-05,0.9028939604759216,0.0,0.017424173653125763,0.009204557165503502,0.05631226673722267,0.00039084479794837534,0.6706571578979492,0.0,0.054546818137168884,0.03162384405732155,0.20020802319049835,105,<tool_call>,tool_call_tags,0.5,-1.5,.Arrays | 间 | .Columns |  track |  densities
73,MLP11,mlp,7.125,0.14035087719298245,nan,nan,nan,nan,nan,nan,nan,nan,nan,nan,nan,nan,nan,nan,nan,nan,nan,nan,-1,,,0.25,-0.75,POST | руч |  TRY | rawn | sometimes
73,MLP20,mlp,7.125,-0.03508771929824561,nan,nan,nan,nan,nan,nan,nan,nan,nan,nan,nan,nan,nan,nan,nan,nan,nan,nan,-1,,,0.25,0.5,ACA | ermo | سان |  Kelley |  referendum
73,MLP22,mlp,7.125,0.19298245614035087,nan,nan,nan,nan,nan,nan,nan,nan,nan,nan,nan,nan,nan,nan,nan,nan,nan,nan,-1,,,0.5,-0.875, youths |  otherwise | lope | SerializedName | 舶
73,MLP27,mlp,7.125,0.42105263157894735,nan,nan,nan,nan,nan,nan,nan,nan,nan,nan,nan,nan,nan,nan,nan,nan,nan,nan,-1,,,1.125,-1.875,.Master |  quarters | 还可以 | 快三 |  харак
74,L17H8,head,5.625,0.4666666666666667,0.044444444444444446,0.15555555555555556,0.044444444444444446,-0.022222222222222223,-0.022222222222222223,-0.044444444444444446,0.0028103983495384455,0.009598993696272373,0.0,0.1956315040588379,0.11803855001926422,0.18061067163944244,0.012616354040801525,0.0039316583424806595,0.0,0.3016481101512909,0.1017209067940712,0.2728377878665924,0,<|im_start|>,other,1.125,-1.5,<tool_call> | .DateField |  either |  대해서 |  freshly
74,L20H5,head,5.625,0.3333333333333333,0.08888888888888889,0.2222222222222222,-0.044444444444444446,0.06666666666666667,0.06666666666666667,0.17777777777777778,0.00024511225637979805,0.01336117647588253,0.0,0.3792269825935364,0.13241161406040192,0.0377841517329216,0.0004911272553727031,0.011894004419445992,0.0,0.5501145720481873,0.12967407703399658,0.034140534698963165,29,></,other,0.625,-1.25, charged |  whispered |  orally | atedRoute |  Republican
74,L21H1,head,5.625,0.5555555555555556,-0.06666666666666667,0.5333333333333333,-0.08888888888888889,-0.022222222222222223,-0.044444444444444446,-0.08888888888888889,0.0025205526035279036,0.03659285232424736,0.0,0.22679434716701508,0.022065622732043266,0.45253780484199524,0.0004499731585383415,0.015032387338578701,0.0,0.240285262465477,0.019014595076441765,0.5459496378898621,0,<|im_start|>,other,1.5,-1.625,<tool_call> |  freshly |  entrenched | .Cursor | .KeyPress
74,L21H12,head,5.625,0.2222222222222222,0.2222222222222222,0.28888888888888886,-0.15555555555555556,-0.13333333333333333,-0.17777777777777778,-0.1111111111111111,0.0038967824075371027,0.011152658611536026,0.0,0.08410651981830597,0.08204066008329391,0.13996589183807373,0.00025411826209165156,0.010243148542940617,0.0,0.13536383211612701,0.10988137125968933,0.1586577147245407,111,\n,other,0.5,-0.75,.Cursor | 闪电 |  callable | <tool_call> |  RTWF
74,L23H6,head,5.625,0.24444444444444444,0.26666666666666666,0.24444444444444444,-0.044444444444444446,-0.08888888888888889,-0.022222222222222223,-0.1111111111111111,0.0009385765879414976,0.0056777223944664,0.0,0.056409403681755066,0.1290244311094284,0.3895461857318878,0.0001681170251686126,0.00596620375290513,0.0,0.09419593960046768,0.19252485036849976,0.3374762535095215,312,\n\n,other,0.5,-0.875,.AnchorStyles | <tool_call> |  caliente | .Panel |  Kostenlos
74,L24H6,head,5.625,0.4444444444444444,0.5111111111111111,0.6,-0.022222222222222223,0.5777777777777777,-0.044444444444444446,-0.06666666666666667,0.00014659938460681587,0.7475859522819519,0.0,0.03399597108364105,0.019253185018897057,0.1622227132320404,0.00035341628245078027,0.5424605011940002,0.0,0.06665857881307602,0.03825913742184639,0.289032518863678,105,<tool_call>,tool_call_tags,0.75,-1.75,.DateField | .Button |  대해서 |  lắm | .Arrays
74,MLP11,mlp,5.625,-0.24444444444444444,nan,nan,nan,nan,nan,nan,nan,nan,nan,nan,nan,nan,nan,nan,nan,nan,nan,nan,-1,,,-0.625,0.75,def | while | -def | Writing | self
74,MLP20,mlp,5.625,0.2222222222222222,nan,nan,nan,nan,nan,nan,nan,nan,nan,nan,nan,nan,nan,nan,nan,nan,nan,nan,-1,,,0.625,-0.625,ampled |  civilians |  taxpayer |  def | 参加了
74,MLP22,mlp,5.625,0.26666666666666666,nan,nan,nan,nan,nan,nan,nan,nan,nan,nan,nan,nan,nan,nan,nan,nan,nan,nan,-1,,,0.625,-0.875,情 |  youths |  congen | 干事创业 |  quarters
74,MLP27,mlp,5.625,0.3333333333333333,nan,nan,nan,nan,nan,nan,nan,nan,nan,nan,nan,nan,nan,nan,nan,nan,nan,nan,-1,,,1.125,-0.75, vastly | 还可以 | 走出来 | .Master | 的经典
75,L17H8,head,7.0,0.375,0.07142857142857142,0.017857142857142856,0.03571428571428571,0.05357142857142857,0.05357142857142857,0.03571428571428571,0.0028383948374539614,0.005191580392420292,0.0,0.2255098968744278,0.1238812804222107,0.19405969977378845,0.011464082635939121,0.002381543628871441,0.0,0.30310603976249695,0.10040166229009628,0.3208720088005066,0,<|im_start|>,other,1.125,-1.5,<tool_call> | .DateField | 减持 |  callable | 租
75,L20H5,head,7.0,0.25,0.17857142857142858,0.21428571428571427,0.017857142857142856,0.05357142857142857,0.017857142857142856,0.17857142857142858,0.0002470602048560977,0.008718403987586498,0.0,0.472979873418808,0.1537701040506363,0.0369572713971138,0.0002884093555621803,0.006571287289261818,0.0,0.6401314735412598,0.11923306435346603,0.023162802681326866,139,.py,user_block,0.625,-1.125, orally |  Púb | <tool_call> | 听众 |  charged
75,L21H1,head,7.0,0.48214285714285715,-0.08928571428571429,0.375,-0.07142857142857142,-0.017857142857142856,-0.07142857142857142,-0.07142857142857142,0.0025236622896045446,0.04227866232395172,0.0,0.24207904934883118,0.021101905032992363,0.44219863414764404,0.0005715863080695271,0.018045293167233467,0.0,0.26117584109306335,0.015304352156817913,0.5389999747276306,0,<|im_start|>,other,1.5,-1.875,<tool_call> |  freshly | .findViewById | .Children | 减持
75,L21H12,head,7.0,0.44642857142857145,0.3392857142857143,0.39285714285714285,-0.08928571428571429,-0.07142857142857142,-0.05357142857142857,-0.05357142857142857,0.00513709569349885,0.012597611173987389,0.0,0.09554890543222427,0.11704964190721512,0.14305272698402405,0.0004931766889058053,0.009605515748262405,0.0,0.1863701194524765,0.14654512703418732,0.17785058915615082,111,\n,other,1.375,-1.75,<tool_call> | .DateField | .Cursor | MouseClicked |  callable
75,L23H6,head,7.0,0.2857142857142857,0.30357142857142855,0.30357142857142855,-0.03571428571428571,-0.017857142857142856,-0.07142857142857142,-0.05357142857142857,0.0013267993927001953,0.006128084845840931,0.0,0.09288175404071808,0.1519099771976471,0.35697808861732483,0.00059204560238868,0.004944764077663422,0.0,0.16622745990753174,0.19813892245292664,0.3101615905761719,348,\n\n,other,0.75,-1.25,<tool_call> | .Panel |  StatefulWidget | .AnchorStyles | \TestCase
75,L24H6,head,7.0,0.5357142857142857,0.5714285714285714,0.625,-0.017857142857142856,0.6428571428571429,-0.017857142857142856,-0.08928571428571429,0.00011155239917570725,0.8046801090240479,0.0,0.03625648468732834,0.019363312050700188,0.11400090903043747,0.00052060023881495,0.5202909111976624,0.0,0.07783479243516922,0.03935281187295914,0.3060131371021271,105,<tool_call>,tool_call_tags,1.125,-2.625,.findViewById | .Arrays |  StatefulWidget | .DateField | \TestCase
75,MLP11,mlp,7.0,-0.07142857142857142,nan,nan,nan,nan,nan,nan,nan,nan,nan,nan,nan,nan,nan,nan,nan,nan,nan,nan,-1,,,-0.25,0.25,{\n | I | MOV | icont | DEF
75,MLP20,mlp,7.0,0.23214285714285715,nan,nan,nan,nan,nan,nan,nan,nan,nan,nan,nan,nan,nan,nan,nan,nan,nan,nan,-1,,,0.5,-1.125,ampled |  taxpayers | 转型 |  passports |  taxpayer
75,MLP22,mlp,7.0,0.26785714285714285,nan,nan,nan,nan,nan,nan,nan,nan,nan,nan,nan,nan,nan,nan,nan,nan,nan,nan,-1,,,0.625,-1.25,.createQuery | uating | >\<^ | 干事创业 |  youths
75,MLP27,mlp,7.0,0.35714285714285715,nan,nan,nan,nan,nan,nan,nan,nan,nan,nan,nan,nan,nan,nan,nan,nan,nan,nan,-1,,,1.125,-1.375,.Master |  quarters |  rep |  allegedly | 还可以
76,L17H8,head,4.75,0.3684210526315789,0.21052631578947367,0.21052631578947367,0.10526315789473684,0.10526315789473684,0.10526315789473684,0.07894736842105263,0.002414135495200753,0.005516496486961842,0.0,0.19634081423282623,0.08906862884759903,0.22514772415161133,0.01080993190407753,0.004197383299469948,0.0,0.22971169650554657,0.0952785313129425,0.33593031764030457,0,<|im_start|>,other,0.75,-1.0,吃什么 | <tool_call> | 减持 | .AnchorStyles |  RTWF
76,L20H5,head,4.75,0.34210526315789475,0.23684210526315788,0.3157894736842105,0.07894736842105263,0.02631578947368421,0.07894736842105263,0.21052631578947367,0.00015779169916640967,0.010927446186542511,0.0,0.4775329828262329,0.17015045881271362,0.037394929677248,0.00024385153665207326,0.007037127390503883,0.0,0.6205640435218811,0.14399759471416473,0.02635788731276989,139,.py,user_block,0.5,-1.125, charged |  orally |  ++)\n | ivation |  Republican
76,L21H1,head,4.75,0.3684210526315789,-0.05263157894736842,0.2894736842105263,-0.05263157894736842,0.02631578947368421,-0.05263157894736842,-0.02631578947368421,0.001606380334123969,0.028968848288059235,0.0,0.19181814789772034,0.026861779391765594,0.5536044836044312,0.00035113419289700687,0.014723297208547592,0.0,0.21103855967521667,0.022437581792473793,0.6022591590881348,0,<|im_start|>,other,0.75,-1.0,<tool_call> |  freshly | 减持 |  ● |  carried
76,L21H12,head,4.75,0.5,0.4473684210526316,0.4473684210526316,-0.07894736842105263,-0.05263157894736842,-0.07894736842105263,-0.07894736842105263,0.0026094072964042425,0.013733696192502975,0.0,0.07342755049467087,0.06423680484294891,0.14378860592842102,0.0003163478977512568,0.011609912849962711,0.0,0.1666942834854126,0.09916374832391739,0.16263608634471893,111,\n,other,1.0,-1.375,<tool_call> | MouseClicked | .Cursor |  lắm | .AnchorStyles
76,L23H6,head,4.75,0.34210526315789475,0.02631578947368421,0.34210526315789475,0.02631578947368421,0.0,0.02631578947368421,0.02631578947368421,0.00042471077176742256,0.005317033268511295,0.0,0.046580590307712555,0.09343849867582321,0.47626879811286926,0.0001990858290810138,0.004749021492898464,0.0,0.07673166692256927,0.10784073919057846,0.47803980112075806,0,<|im_start|>,other,0.625,-1.0,<tool_call> |  lắm | MouseClicked | 减持 | .AnchorStyles
76,L24H6,head,4.75,0.34210526315789475,0.39473684210526316,0.4473684210526316,-0.02631578947368421,0.4473684210526316,0.0,-0.10526315789473684,5.085806697024964e-05,0.8228375315666199,0.0,0.032207224518060684,0.014474093914031982,0.10740780085325241,0.00021232845028862357,0.6695367097854614,0.0,0.06083930656313896,0.02559572644531727,0.20000381767749786,105,<tool_call>,tool_call_tags,0.375,-1.25,.Button |  Linux |  track | 间 | .AnchorStyles
76,MLP11,mlp,4.75,-0.02631578947368421,nan,nan,nan,nan,nan,nan,nan,nan,nan,nan,nan,nan,nan,nan,nan,nan,nan,nan,-1,,,0.0,0.125,def | -def |  TERMIN | owing | _GO
76,MLP20,mlp,4.75,0.13157894736842105,nan,nan,nan,nan,nan,nan,nan,nan,nan,nan,nan,nan,nan,nan,nan,nan,nan,nan,-1,,,0.375,-0.25,ampled |  Adolescent | 深化改革 |  Kramer |  Hernandez
76,MLP22,mlp,4.75,0.13157894736842105,nan,nan,nan,nan,nan,nan,nan,nan,nan,nan,nan,nan,nan,nan,nan,nan,nan,nan,-1,,,0.375,-0.25,webdriver | 情 | 雷霆 | 开车 | irebase
76,MLP27,mlp,4.75,0.42105263157894735,nan,nan,nan,nan,nan,nan,nan,nan,nan,nan,nan,nan,nan,nan,nan,nan,nan,nan,-1,,,0.75,-1.25, quarters | .Master |  vastly | 抬头 |  allegedly
77,L17H8,head,5.375,0.27906976744186046,0.0,-0.046511627906976744,-0.046511627906976744,-0.06976744186046512,-0.046511627906976744,-0.046511627906976744,0.002985455794259906,0.006818020716309547,0.0,0.26992571353912354,0.07179192453622818,0.18626922369003296,0.012134677730500698,0.003979227505624294,0.0,0.38702279329299927,0.06646262854337692,0.21830832958221436,0,<|im_start|>,other,0.5,-1.0, 대해서 |  either | 嘴巴 | 做过 |  '/');\n
77,L20H5,head,5.375,0.23255813953488372,0.06976744186046512,0.18604651162790697,0.06976744186046512,0.023255813953488372,0.06976744186046512,0.18604651162790697,0.00011636222916422412,0.018314357846975327,0.0,0.3601475954055786,0.1618489772081375,0.03281936049461365,0.0001603313721716404,0.012602625414729118,0.0,0.5417617559432983,0.13636985421180725,0.02748425491154194,29,></,other,0.375,-0.875, charged |  orally |  whether |  acidic |  crucial
77,L21H1,head,5.375,0.32558139534883723,-0.023255813953488372,0.23255813953488372,-0.023255813953488372,-0.023255813953488372,-0.023255813953488372,-0.06976744186046512,0.001654061721637845,0.03659006953239441,0.0,0.24127613008022308,0.019998464733362198,0.40890559554100037,0.00040449787047691643,0.020022280514240265,0.0,0.2359992116689682,0.018717719241976738,0.5182227492332458,0,<|im_start|>,other,0.75,-1.0, drilled |  striped | 口 |  ● | 川
77,L21H12,head,5.375,0.37209302325581395,0.3953488372093023,0.37209302325581395,-0.06976744186046512,-0.046511627906976744,-0.023255813953488372,-0.09302325581395349,0.0015520429005846381,0.019363712519407272,0.0,0.05265214666724205,0.03958965465426445,0.07745956629514694,0.00014463419211097062,0.014939455315470695,0.0,0.12431970983743668,0.061442770063877106,0.10984064638614655,111,\n,other,0.625,-1.375,闪电 |  ● |  Carl | 川 |  royal
77,L23H6,head,5.375,0.27906976744186046,0.0,0.27906976744186046,-0.023255813953488372,-0.023255813953488372,0.0,-0.06976744186046512,0.0007016806048341095,0.008345576003193855,0.0,0.049121931195259094,0.08596233278512955,0.4535360336303711,0.00022591796005144715,0.009837882593274117,0.0,0.09778053313493729,0.14342932403087616,0.42424219846725464,0,<|im_start|>,other,0.5,-1.0,减持 | 川 | 闪电 |  triangular | .cursor
77,L24H6,head,5.375,0.23255813953488372,0.3023255813953488,0.3488372093023256,-0.023255813953488372,0.3488372093023256,0.0,-0.09302325581395349,2.0820329154958017e-05,0.9280875325202942,0.0,0.012816926464438438,0.008477705530822277,0.03986737132072449,0.0001368567463941872,0.7781096696853638,0.0,0.035695746541023254,0.024137770757079124,0.13098028302192688,105,<tool_call>,tool_call_tags,0.125,-1.125, � |  ”\n\n | -Mail | 测 | 旗下
77,MLP11,mlp,5.375,0.046511627906976744,nan,nan,nan,nan,nan,nan,nan,nan,nan,nan,nan,nan,nan,nan,nan,nan,nan,nan,-1,,,0.125,-0.125,ivamente | manship | ihan | 曰 | ixel
77,MLP20,mlp,5.375,0.16279069767441862,nan,nan,nan,nan,nan,nan,nan,nan,nan,nan,nan,nan,nan,nan,nan,nan,nan,nan,-1,,,0.5,-0.375,ampled |  def |  isOpen |  taxpayer |  Bison
77,MLP22,mlp,5.375,0.18604651162790697,nan,nan,nan,nan,nan,nan,nan,nan,nan,nan,nan,nan,nan,nan,nan,nan,nan,nan,-1,,,0.375,-0.625, volunteer | 为民 |  youths |  sanity |  vol
77,MLP27,mlp,5.375,0.3023255813953488,nan,nan,nan,nan,nan,nan,nan,nan,nan,nan,nan,nan,nan,nan,nan,nan,nan,nan,-1,,,0.75,-0.875,或者其他 | 总公司 | 快三 | 的经典 | .Master
78,L17H8,head,6.125,0.2857142857142857,0.061224489795918366,0.04081632653061224,0.0,0.0,0.0,0.061224489795918366,0.002809822093695402,0.006255617365241051,0.0,0.2867213487625122,0.1175604909658432,0.22554242610931396,0.012069610878825188,0.0035116621293127537,0.0,0.32965314388275146,0.11366960406303406,0.3064448833465576,0,<|im_start|>,other,0.625,-1.125,-dismiss |  either | 减持 |  대해서 | 旗下
78,L20H5,head,6.125,0.3673469387755102,0.12244897959183673,0.2857142857142857,0.04081632653061224,0.04081632653061224,0.08163265306122448,0.24489795918367346,9.413032239535823e-05,0.016820937395095825,0.0,0.33729785680770874,0.15857133269309998,0.03469928726553917,0.00012173370487289503,0.010606085881590843,0.0,0.5806768536567688,0.12071084976196289,0.024839600548148155,29,></,other,0.75,-1.5, charged |  orally |  advertised |  whispered |  Minority
78,L21H1,head,6.125,0.2857142857142857,-0.10204081632653061,0.1836734693877551,-0.061224489795918366,-0.02040816326530612,-0.12244897959183673,-0.10204081632653061,0.001761915860697627,0.03349465876817703,0.0,0.26382920145988464,0.025910336524248123,0.4394299387931824,0.0004237874236423522,0.015582505613565445,0.0,0.24228379130363464,0.021211402490735054,0.5571802854537964,0,<|im_start|>,other,0.75,-1.0, track |  carried | .Cursor |  drilled |  letters
78,L21H12,head,6.125,0.3469387755102041,0.24489795918367346,0.30612244897959184,-0.061224489795918366,-0.061224489795918366,-0.08163265306122448,-0.04081632653061224,0.0022693821229040623,0.018574872985482216,0.0,0.08143237978219986,0.06462404131889343,0.09875622391700745,0.00028194126207381487,0.01227167621254921,0.0,0.18597511947155,0.09168007224798203,0.1435932070016861,111,\n,other,0.75,-1.375, triangular | 闪电 | 减持 | 租 | <tool_call>
78,L23H6,head,6.125,0.22448979591836735,-0.04081632653061224,0.2857142857142857,-0.04081632653061224,-0.04081632653061224,-0.061224489795918366,-0.08163265306122448,0.0008734518196433783,0.0039033927023410797,0.0,0.0775320827960968,0.12085819989442825,0.4523639678955078,0.0006415901589207351,0.004410304129123688,0.0,0.14190499484539032,0.17170146107673645,0.3877808451652527,0,<|im_start|>,other,0.5,-0.875,.AnchorStyles | .Panel | \TestCase | 减持 |  panel
78,L24H6,head,6.125,0.3469387755102041,0.40816326530612246,0.4489795918367347,-0.02040816326530612,0.42857142857142855,-0.04081632653061224,-0.04081632653061224,4.9354675866197795e-05,0.8623906970024109,0.0,0.03175648674368858,0.01577436551451683,0.0723181962966919,0.0002548747870605439,0.670662522315979,0.0,0.06439973413944244,0.034765660762786865,0.19102434813976288,105,<tool_call>,tool_call_tags,0.375,-1.75, track |  Linux | .Arrays | 测 |  measure
78,MLP11,mlp,6.125,-0.02040816326530612,nan,nan,nan,nan,nan,nan,nan,nan,nan,nan,nan,nan,nan,nan,nan,nan,nan,nan,-1,,,0.0,0.125,的人来说 | /disc | 曰 | ivamente | #import
78,MLP20,mlp,6.125,0.16326530612244897,nan,nan,nan,nan,nan,nan,nan,nan,nan,nan,nan,nan,nan,nan,nan,nan,nan,nan,-1,,,0.375,-0.625, def |  taxpayer | ampled |  passports |  attendance
78,MLP22,mlp,6.125,0.1836734693877551,nan,nan,nan,nan,nan,nan,nan,nan,nan,nan,nan,nan,nan,nan,nan,nan,nan,nan,-1,,,0.375,-0.75,情 | .Preference |  açısından | >I |  poisoned
78,MLP27,mlp,6.125,0.2653061224489796,nan,nan,nan,nan,nan,nan,nan,nan,nan,nan,nan,nan,nan,nan,nan,nan,nan,nan,-1,,,0.875,-0.75,"还可以 | .Master | 的经典 | =["" | 错过"
81,L17H8,head,6.875,0.12727272727272726,0.0,-0.10909090909090909,-0.03636363636363636,-0.03636363636363636,0.01818181818181818,-0.10909090909090909,0.0031936478335410357,0.005768866278231144,0.0,0.24968504905700684,0.10368355363607407,0.1664603352546692,0.014052108861505985,0.0039380802772939205,0.0,0.29965850710868835,0.09940019249916077,0.2751094102859497,0,<|im_start|>,other,0.375,-0.5,.setVisible | .DateField | 周岁 | 呈 | .call
81,L20H5,head,6.875,0.2727272727272727,0.14545454545454545,0.18181818181818182,0.09090909090909091,0.07272727272727272,0.09090909090909091,0.16363636363636364,0.00013939774362370372,0.017482273280620575,0.0,0.40167421102523804,0.14174233376979828,0.036611251533031464,0.00022843894839752465,0.011590959504246712,0.0,0.571282148361206,0.12902240455150604,0.02980058826506138,139,.py,user_block,0.625,-1.25, charged |  orally |  Minority |  oral |  crucial
81,L21H1,head,6.875,0.3090909090909091,-0.09090909090909091,0.23636363636363636,-0.05454545454545454,-0.01818181818181818,-0.05454545454545454,-0.07272727272727272,0.0018145425710827112,0.036788612604141235,0.0,0.19137585163116455,0.020205574110150337,0.4943345785140991,0.00038364416104741395,0.012178867124021053,0.0,0.2063540518283844,0.018201440572738647,0.5861127972602844,0,<|im_start|>,other,1.0,-1.125,<tool_call> |  freshly | 减持 | .KeyPress |  carried
81,L21H12,head,6.875,0.4909090909090909,0.43636363636363634,0.41818181818181815,-0.12727272727272726,-0.01818181818181818,-0.12727272727272726,-0.03636363636363636,0.0032028546556830406,0.013591203838586807,0.0,0.07685680687427521,0.04604222998023033,0.08765250444412231,0.000255566876148805,0.008420754224061966,0.0,0.17860309779644012,0.07183234393596649,0.12857158482074738,111,\n,other,1.375,-2.0,<tool_call> | 闪电 |  lắm |  freshly | .Cursor
81,L23H6,head,6.875,0.2,-0.01818181818181818,0.23636363636363636,-0.01818181818181818,-0.03636363636363636,-0.05454545454545454,-0.09090909090909091,0.0003416166582610458,0.007857149466872215,0.0,0.053535327315330505,0.11847160011529922,0.4604547917842865,0.00020219430734869093,0.009233563207089901,0.0,0.10813231766223907,0.17039957642555237,0.4106847643852234,0,<|im_start|>,other,0.625,-0.75,.Panel | .AnchorStyles | <tool_call> | 减持 | .Rows
81,L24H6,head,6.875,0.43636363636363634,0.509090909090909,0.5272727272727272,-0.03636363636363636,0.5454545454545454,-0.01818181818181818,-0.10909090909090909,6.79425138514489e-05,0.8174693584442139,0.0,0.03787092864513397,0.01762225292623043,0.10212167352437973,0.00027393532218411565,0.5557233691215515,0.0,0.0743236169219017,0.035410214215517044,0.2773849666118622,105,<tool_call>,tool_call_tags,0.75,-2.25, Linux | 间 | .Columns | .Button |  lắm
81,MLP11,mlp,6.875,-0.21818181818181817,nan,nan,nan,nan,nan,nan,nan,nan,nan,nan,nan,nan,nan,nan,nan,nan,nan,nan,-1,,,-0.5,1.0,def | suite | devil | 经开 | cock
81,MLP20,mlp,6.875,0.10909090909090909,nan,nan,nan,nan,nan,nan,nan,nan,nan,nan,nan,nan,nan,nan,nan,nan,nan,nan,-1,,,0.375,-0.375,ampled | 	def |  def |  Airways | -inflammatory
81,MLP22,mlp,6.875,0.2,nan,nan,nan,nan,nan,nan,nan,nan,nan,nan,nan,nan,nan,nan,nan,nan,nan,nan,-1,,,0.625,-0.75,.Preference | 情 | 轾 |  youths | 鳔
81,MLP27,mlp,6.875,0.4,nan,nan,nan,nan,nan,nan,nan,nan,nan,nan,nan,nan,nan,nan,nan,nan,nan,nan,-1,,,1.375,-1.375,.Master | 还可以 |  quarters | 的经典 |  vastly
82,L17H8,head,11.875,0.5368421052631579,0.10526315789473684,0.010526315789473684,0.042105263157894736,0.042105263157894736,0.021052631578947368,0.031578947368421054,0.0019513245206326246,0.007377108093351126,0.0,0.1678876429796219,0.0936315730214119,0.126671701669693,0.010512084700167179,0.002548291115090251,0.0,0.3043016791343689,0.10842073708772659,0.23935775458812714,0,<|im_start|>,other,2.75,-3.625,<tool_call> | .AnchorStyles | .DateField | MouseClicked |  lắm
82,L20H5,head,11.875,0.37894736842105264,0.2631578947368421,0.30526315789473685,0.08421052631578947,0.07368421052631578,0.042105263157894736,0.25263157894736843,0.00021771271713078022,0.009395066648721695,0.0,0.5107016563415527,0.08861207962036133,0.02420230023562908,0.0001741577434586361,0.004576424602419138,0.0,0.7663201689720154,0.06074588745832443,0.014584844931960106,139,.py,user_block,1.625,-2.875,<tool_call> | .AnchorStyles |  InputStreamReader | 减持 |  Púb
82,L21H1,head,11.875,0.6631578947368421,-0.05263157894736842,0.5894736842105263,-0.042105263157894736,0.021052631578947368,-0.042105263157894736,-0.05263157894736842,0.0021086926572024822,0.05074073374271393,0.0,0.20466984808444977,0.027485555037856102,0.3137426972389221,0.0005219494341872633,0.01660718396306038,0.0,0.260830283164978,0.023367078974843025,0.5083176493644714,0,<|im_start|>,other,3.125,-4.75,<tool_call> | .AnchorStyles | MouseClicked |  RTWF |  lắm
82,L21H12,head,11.875,0.47368421052631576,0.4421052631578947,0.45263157894736844,-0.06315789473684211,-0.042105263157894736,-0.06315789473684211,-0.021052631578947368,0.003291392931714654,0.016165638342499733,0.0,0.07724795490503311,0.05868694558739662,0.1476111263036728,0.00035168288741260767,0.009623296558856964,0.0,0.21689093112945557,0.10712885111570358,0.23961955308914185,111,\n,other,2.375,-3.25,<tool_call> | .AnchorStyles | MouseClicked |  lắm |  RTWF
82,L23H6,head,11.875,0.35789473684210527,0.37894736842105264,0.3473684210526316,0.010526315789473684,0.010526315789473684,0.021052631578947368,-0.021052631578947368,0.0003139654581900686,0.0059416876174509525,0.0,0.05852595716714859,0.0984726995229721,0.4037517309188843,0.0002353842428419739,0.0038973474875092506,0.0,0.12051667273044586,0.15399283170700073,0.3077688217163086,425,\n\n,other,1.75,-2.5,<tool_call> | .AnchorStyles | MouseClicked | .Panel |  RTWF
82,L24H6,head,11.875,0.5157894736842106,0.5473684210526316,0.5894736842105263,-0.010526315789473684,0.5894736842105263,-0.010526315789473684,-0.042105263157894736,1.946773954841774e-05,0.919783890247345,0.0,0.019389402121305466,0.008625092916190624,0.04526055231690407,0.000522586633451283,0.4875435531139374,0.0,0.08704179525375366,0.03948749601840973,0.34977906942367554,105,<tool_call>,tool_call_tags,1.625,-4.5,间 | .DateField | .AnchorStyles | 旗下 | .Arrays
82,MLP11,mlp,11.875,0.1368421052631579,nan,nan,nan,nan,nan,nan,nan,nan,nan,nan,nan,nan,nan,nan,nan,nan,nan,nan,-1,,,0.5,-1.125,径 | �认 | 打架 | 渌 | руч
82,MLP20,mlp,11.875,0.3263157894736842,nan,nan,nan,nan,nan,nan,nan,nan,nan,nan,nan,nan,nan,nan,nan,nan,nan,nan,-1,,,1.375,-2.5,.maven | 资本市场 | 门户网站 | .JsonProperty |  meets
82,MLP22,mlp,11.875,0.3263157894736842,nan,nan,nan,nan,nan,nan,nan,nan,nan,nan,nan,nan,nan,nan,nan,nan,nan,nan,-1,,,1.5,-2.375,mıştır | .Preference | -quarter | .Children | じ
82,MLP27,mlp,11.875,0.43157894736842106,nan,nan,nan,nan,nan,nan,nan,nan,nan,nan,nan,nan,nan,nan,nan,nan,nan,nan,-1,,,2.0,-3.125,.Master |  quarters | 或者其他 | 题主 | 还可以
83,L17H8,head,4.75,0.34210526315789475,0.07894736842105263,0.13157894736842105,0.0,0.07894736842105263,0.07894736842105263,0.0,0.0026468862779438496,0.005348962265998125,0.0,0.26202139258384705,0.12430617958307266,0.1823139488697052,0.012633118778467178,0.003633770626038313,0.0,0.30908530950546265,0.13719460368156433,0.25858286023139954,0,<|im_start|>,other,0.75,-0.875, letters | <tool_call> |  either | .DateField | 嘴巴
83,L20H5,head,4.75,0.3157894736842105,0.21052631578947367,0.2894736842105263,0.05263157894736842,0.07894736842105263,0.07894736842105263,0.23684210526315788,0.00021655845921486616,0.013808717019855976,0.0,0.35563603043556213,0.17998456954956055,0.048699043691158295,0.0002737984177656472,0.009782751090824604,0.0,0.49844303727149963,0.18087530136108398,0.03962394967675209,139,.py,user_block,0.5,-1.0, orally | ivation |  charged |  oral |  fflush
83,L21H1,head,4.75,0.34210526315789475,-0.05263157894736842,0.3157894736842105,-0.05263157894736842,0.0,-0.05263157894736842,-0.13157894736842105,0.0015735696069896221,0.03381803259253502,0.0,0.22856013476848602,0.027722381055355072,0.474997878074646,0.0002766670077107847,0.01564871147274971,0.0,0.21974128484725952,0.019982876256108284,0.5747472643852234,0,<|im_start|>,other,0.75,-0.875,<tool_call> |  initState | 减持 |  track |  letters
83,L21H12,head,4.75,0.42105263157894735,0.42105263157894735,0.3684210526315789,-0.07894736842105263,-0.02631578947368421,0.0,-0.10526315789473684,0.003407170996069908,0.01374044083058834,0.0,0.09668523073196411,0.05816849321126938,0.13309673964977264,0.00025097239995375276,0.010903375223279,0.0,0.19660022854804993,0.08254244178533554,0.14885103702545166,111,\n,other,0.875,-1.125,<tool_call> | 闪电 |  � |  Flutter |  drilled
83,L23H6,head,4.75,0.34210526315789475,0.0,0.2894736842105263,-0.02631578947368421,-0.05263157894736842,-0.02631578947368421,-0.05263157894736842,0.0006608797702938318,0.0027790828607976437,0.0,0.059888433665037155,0.08169742673635483,0.485789030790329,0.00038010001298971474,0.0028457047883421183,0.0,0.10951419174671173,0.12413536757230759,0.47990089654922485,0,<|im_start|>,other,0.625,-1.0,.AnchorStyles | <tool_call> | .Panel | 减持 |  lắm
83,L24H6,head,4.75,0.3684210526315789,0.47368421052631576,0.5,-0.02631578947368421,0.5,-0.02631578947368421,-0.15789473684210525,4.700049612438306e-05,0.8454392552375793,0.0,0.03786133974790573,0.014108522795140743,0.0839603915810585,0.00021942966850474477,0.6726340055465698,0.0,0.07507594674825668,0.029881583526730537,0.18549777567386627,105,<tool_call>,tool_call_tags,0.375,-1.375, � |  Doors | (Arrays | .Arrays |  Linux
83,MLP11,mlp,4.75,0.07894736842105263,nan,nan,nan,nan,nan,nan,nan,nan,nan,nan,nan,nan,nan,nan,nan,nan,nan,nan,-1,,,0.0,-0.375,manship | 曰 | -ste | kening | strument
83,MLP20,mlp,4.75,0.0,nan,nan,nan,nan,nan,nan,nan,nan,nan,nan,nan,nan,nan,nan,nan,nan,nan,nan,-1,,,0.125,0.125,深化改革 | ampled | 	def |  def | def
83,MLP22,mlp,4.75,0.07894736842105263,nan,nan,nan,nan,nan,nan,nan,nan,nan,nan,nan,nan,nan,nan,nan,nan,nan,nan,-1,,,0.375,0.0,情 | webdriver | 开车 | 轾 | 开水
83,MLP27,mlp,4.75,0.42105263157894735,nan,nan,nan,nan,nan,nan,nan,nan,nan,nan,nan,nan,nan,nan,nan,nan,nan,nan,-1,,,0.875,-1.125,或者其他 | 快三 | .Master | 世间 | 翻开
84,L17H8,head,6.125,0.3673469387755102,0.04081632653061224,0.14285714285714285,-0.02040816326530612,0.0,0.0,0.04081632653061224,0.0019573024474084377,0.006829740479588509,0.0,0.12357204407453537,0.09139803051948547,0.21700358390808105,0.008894328959286213,0.004406515508890152,0.0,0.16246846318244934,0.08402980118989944,0.3868156373500824,0,<|im_start|>,other,1.0,-1.25,<tool_call> |  either | 减持 |  hasNext | 所说
84,L20H5,head,6.125,0.2653061224489796,0.12244897959183673,0.16326530612244897,0.0,0.02040816326530612,0.0,0.12244897959183673,0.00012378732208162546,0.011992987245321274,0.0,0.3456041216850281,0.12758825719356537,0.025828419253230095,0.00024581013713032007,0.007175415754318237,0.0,0.5418434143066406,0.12934932112693787,0.023684309795498848,139,.py,user_block,0.5,-1.125, charged |  ramps | 招股 |  oral |  Republican
84,L21H1,head,6.125,0.30612244897959184,-0.02040816326530612,0.24489795918367346,0.02040816326530612,0.02040816326530612,0.0,-0.10204081632653061,0.0015604912769049406,0.030436942353844643,0.0,0.22448864579200745,0.025941098108887672,0.4716852903366089,0.00043731072219088674,0.012590129859745502,0.0,0.24407276511192322,0.03014257550239563,0.5580247640609741,0,<|im_start|>,other,0.75,-1.125, RTWF |  carried |  취 |  drilled | .executeQuery
84,L21H12,head,6.125,0.4489795918367347,0.40816326530612246,0.3673469387755102,-0.04081632653061224,0.0,-0.04081632653061224,-0.02040816326530612,0.002316380152478814,0.011339277029037476,0.0,0.05764179676771164,0.047912679612636566,0.10129240900278091,0.00042574963299557567,0.00637730211019516,0.0,0.1924593597650528,0.10123603045940399,0.13934029638767242,111,\n,other,1.25,-1.5,<tool_call> | 闪电 |  RTWF |  τ | 减持
84,L23H6,head,6.125,0.2653061224489796,-0.04081632653061224,0.24489795918367346,-0.04081632653061224,-0.04081632653061224,-0.04081632653061224,-0.04081632653061224,0.00035772830597124994,0.008498946204781532,0.0,0.0632830560207367,0.09239840507507324,0.475226491689682,0.00024786987341940403,0.007542840205132961,0.0,0.12001167237758636,0.14339052140712738,0.46892058849334717,0,<|im_start|>,other,0.625,-1.0,.AnchorStyles |  취 | MouseClicked | 推出 | 减持
84,L24H6,head,6.125,0.24489795918367346,0.3673469387755102,0.40816326530612246,-0.04081632653061224,0.40816326530612246,-0.02040816326530612,-0.12244897959183673,3.8140849937917665e-05,0.8608081936836243,0.0,0.034632306545972824,0.012253553606569767,0.07666544616222382,0.0002408136788289994,0.6682589054107666,0.0,0.08483356982469559,0.031656354665756226,0.18223485350608826,105,<tool_call>,tool_call_tags,0.25,-1.25, � | 旗下 |  � |  � |  Linux
84,MLP11,mlp,6.125,0.08163265306122448,nan,nan,nan,nan,nan,nan,nan,nan,nan,nan,nan,nan,nan,nan,nan,nan,nan,nan,-1,,,0.125,-0.375,manship | def | -def |  Waiting | -exec
84,MLP20,mlp,6.125,0.04081632653061224,nan,nan,nan,nan,nan,nan,nan,nan,nan,nan,nan,nan,nan,nan,nan,nan,nan,nan,-1,,,0.0,-0.25,def | ampled | 	def |  def | andi
84,MLP22,mlp,6.125,0.20408163265306123,nan,nan,nan,nan,nan,nan,nan,nan,nan,nan,nan,nan,nan,nan,nan,nan,nan,nan,-1,,,0.375,-0.875,"情 | BarItem |  açısından | geführt | '),('"
84,MLP27,mlp,6.125,0.46938775510204084,nan,nan,nan,nan,nan,nan,nan,nan,nan,nan,nan,nan,nan,nan,nan,nan,nan,nan,-1,,,1.0,-1.875,.Master | 快三 | 错过 |  quarters | 总公司
85,L17H8,head,12.0,0.3125,0.041666666666666664,-0.010416666666666666,0.010416666666666666,0.010416666666666666,0.010416666666666666,0.0,0.002771488856524229,0.008301423862576485,0.0,0.23515689373016357,0.1232171580195427,0.15632787346839905,0.012068861164152622,0.003595414338633418,0.0,0.3118666708469391,0.10896182805299759,0.2640266418457031,0,<|im_start|>,other,1.375,-2.375,<tool_call> |  either | .DateField | .AnchorStyles | \TestCase
85,L20H5,head,12.0,0.21875,0.08333333333333333,0.21875,0.03125,0.0,0.03125,0.13541666666666666,0.0001644089206820354,0.019363902509212494,0.0,0.3487553894519806,0.13562513887882233,0.02756097912788391,0.0002084454899886623,0.010403667576611042,0.0,0.5722479820251465,0.11990273743867874,0.021605312824249268,29,></,other,0.875,-1.75, charged |  orally |  Minority |  Republican |  hot
85,L21H1,head,12.0,0.5416666666666666,-0.010416666666666666,0.4270833333333333,-0.041666666666666664,0.0625,-0.010416666666666666,0.0,0.0020419731736183167,0.050972796976566315,0.0,0.19484402239322662,0.026466909795999527,0.3885831832885742,0.00038383714854717255,0.014345431700348854,0.0,0.24714161455631256,0.025401383638381958,0.5365086197853088,0,<|im_start|>,other,2.625,-3.875,<tool_call> |  RTWF | \TestCase |  lắm | .AnchorStyles
85,L21H12,head,12.0,0.5,0.5,0.4791666666666667,-0.0625,-0.041666666666666664,-0.052083333333333336,-0.052083333333333336,0.003348605940118432,0.016365665942430496,0.0,0.06110744923353195,0.06145530194044113,0.06623341143131256,0.00023370352573692799,0.009461998008191586,0.0,0.15089960396289825,0.12164068222045898,0.13539156317710876,111,\n,other,2.25,-3.75,<tool_call> |  RTWF | .AnchorStyles |  lắm | .Cursor
85,L23H6,head,12.0,0.3645833333333333,0.3645833333333333,0.3854166666666667,0.0,0.0,0.0,-0.03125,0.0005721041816286743,0.0067229364067316055,0.0,0.07243730127811432,0.12464383989572525,0.360428124666214,0.000176493645994924,0.005812978837639093,0.0,0.11183862388134003,0.17225803434848785,0.33192071318626404,302,\n\n,other,1.75,-2.625,<tool_call> | .AnchorStyles | \TestCase |  lắm | .Cursor
85,L24H6,head,12.0,0.4791666666666667,0.4895833333333333,0.5104166666666666,-0.010416666666666666,0.5104166666666666,0.0,-0.03125,1.642200913920533e-05,0.9342910051345825,0.0,0.012844370678067207,0.011352350004017353,0.031027764081954956,0.00021528819343075156,0.5199788808822632,0.0,0.056784212589263916,0.04187785089015961,0.3284267485141754,105,<tool_call>,tool_call_tags,1.375,-4.375, lắm |  Linux | .Arrays |  densities |  ”\n\n
85,MLP11,mlp,12.0,-0.020833333333333332,nan,nan,nan,nan,nan,nan,nan,nan,nan,nan,nan,nan,nan,nan,nan,nan,nan,nan,-1,,,-0.25,0.0,def | ife | 	def |  Conte | {\n
85,MLP20,mlp,12.0,0.19791666666666666,nan,nan,nan,nan,nan,nan,nan,nan,nan,nan,nan,nan,nan,nan,nan,nan,nan,nan,-1,,,1.0,-1.375,.Preference | .JsonProperty | .Trim | ัด | .Http
85,MLP22,mlp,12.0,0.2708333333333333,nan,nan,nan,nan,nan,nan,nan,nan,nan,nan,nan,nan,nan,nan,nan,nan,nan,nan,-1,,,1.375,-1.875,.Preference |  대해서 | -quarter | 或者其他 | }->{
85,MLP27,mlp,12.0,0.4479166666666667,nan,nan,nan,nan,nan,nan,nan,nan,nan,nan,nan,nan,nan,nan,nan,nan,nan,nan,-1,,,2.125,-3.25, equal | .every | .Master | 或者其他 |  tick
87,L17H8,head,11.125,0.25842696629213485,0.06741573033707865,0.011235955056179775,0.033707865168539325,0.056179775280898875,0.02247191011235955,0.011235955056179775,0.0022774855606257915,0.009300721809267998,0.0,0.17343424260616302,0.0965525284409523,0.1374962478876114,0.010374416597187519,0.004265496972948313,0.0,0.29599693417549133,0.10036756098270416,0.22985118627548218,0,<|im_start|>,other,1.25,-1.625, either | <tool_call> | .AnchorStyles |  callable | -caret
87,L20H5,head,11.125,0.23595505617977527,0.0898876404494382,0.20224719101123595,0.0449438202247191,0.07865168539325842,0.0449438202247191,0.15730337078651685,0.00021081932936795056,0.0196775384247303,0.0,0.2788938283920288,0.17195887863636017,0.031644295901060104,0.0002901861153077334,0.013798704370856285,0.0,0.5049046277999878,0.18247748911380768,0.03177893906831741,29,></,other,1.0,-1.625, orally |  charged |  minorities |  oral |  Minority
87,L21H1,head,11.125,0.47191011235955055,-0.033707865168539325,0.4044943820224719,-0.056179775280898875,0.056179775280898875,-0.0449438202247191,0.0,0.0016553673194721341,0.051929499953985214,0.0,0.1754579395055771,0.02039923705160618,0.4485018253326416,0.0002420540404273197,0.014542263001203537,0.0,0.20613236725330353,0.014286576770246029,0.5953059792518616,0,<|im_start|>,other,2.0,-3.25,<tool_call> |  RTWF |  either | .Cursor |  취
87,L21H12,head,11.125,0.3595505617977528,0.38202247191011235,0.3595505617977528,-0.06741573033707865,-0.0449438202247191,-0.0449438202247191,-0.033707865168539325,0.0029551659245043993,0.018811430782079697,0.0,0.06987588852643967,0.04606818035244942,0.09910479187965393,0.00022722136054653674,0.011865608394145966,0.0,0.16116800904273987,0.07494426518678665,0.14316630363464355,111,\n,other,1.625,-2.375,<tool_call> | .Cursor |  lắm |  either | .AnchorStyles
87,L23H6,head,11.125,0.30337078651685395,0.30337078651685395,0.29213483146067415,-0.011235955056179775,-0.0449438202247191,-0.033707865168539325,0.0,0.000741416763048619,0.005456754006445408,0.0,0.062322210520505905,0.09933420270681381,0.4214228391647339,0.00032256043050438166,0.006531641818583012,0.0,0.11815854161977768,0.16377577185630798,0.3897712826728821,285,\n\n,other,1.375,-2.0,.Panel | <tool_call> | .AnchorStyles | \TestCase |  lắm
87,L24H6,head,11.125,0.39325842696629215,0.449438202247191,0.48314606741573035,-0.011235955056179775,0.48314606741573035,-0.011235955056179775,-0.056179775280898875,2.6938474547932856e-05,0.9073634147644043,0.0,0.016893479973077774,0.00976710394024849,0.05213887244462967,0.0002209644007962197,0.5740796327590942,0.0,0.0674743801355362,0.034794535487890244,0.2732563316822052,105,<tool_call>,tool_call_tags,0.875,-3.5, track |  either | 间 |  � |  Doors
87,MLP11,mlp,11.125,-0.0898876404494382,nan,nan,nan,nan,nan,nan,nan,nan,nan,nan,nan,nan,nan,nan,nan,nan,nan,nan,-1,,,-0.375,0.625,def | -def |  def | ITE | ico
87,MLP20,mlp,11.125,0.24719101123595505,nan,nan,nan,nan,nan,nan,nan,nan,nan,nan,nan,nan,nan,nan,nan,nan,nan,nan,-1,,,1.25,-1.5,ampled | 门户网站 |  richer | -expanded | anded
87,MLP22,mlp,11.125,0.23595505617977527,nan,nan,nan,nan,nan,nan,nan,nan,nan,nan,nan,nan,nan,nan,nan,nan,nan,nan,-1,,,1.375,-1.25,-caret | .Preference | mıştır |  LinearGradient | CDATA
87,MLP27,mlp,11.125,0.47191011235955055,nan,nan,nan,nan,nan,nan,nan,nan,nan,nan,nan,nan,nan,nan,nan,nan,nan,nan,-1,,,2.0,-3.25,快三 | 或者其他 |  allegedly | .Master |  equal
88,L17H8,head,4.625,0.6216216216216216,0.21621621621621623,0.16216216216216217,0.21621621621621623,0.21621621621621623,0.24324324324324326,0.08108108108108109,0.0029583957511931658,0.007296368014067411,0.0,0.21085697412490845,0.11558299511671066,0.16829223930835724,0.016008593142032623,0.002563030458986759,0.0,0.3163815140724182,0.10354019701480865,0.2671700716018677,0,<|im_start|>,other,1.5,-1.375, freshly | .AnchorStyles |  대해서 | <tool_call> | 周岁
88,L20H5,head,4.625,0.43243243243243246,0.24324324324324326,0.32432432432432434,0.05405405405405406,0.02702702702702703,0.05405405405405406,0.2702702702702703,0.00013514455349650234,0.010041885077953339,0.0,0.45133471488952637,0.12434054166078568,0.02461719699203968,0.0001434597506886348,0.006764478050172329,0.0,0.6682109236717224,0.09587080031633377,0.014837414026260376,139,.py,user_block,0.875,-1.125, charged |  whispered | .AnchorStyles |  UIBarButtonItem |  western
88,L21H1,head,4.625,0.6216216216216216,-0.05405405405405406,0.5135135135135135,-0.08108108108108109,0.0,-0.08108108108108109,-0.02702702702702703,0.002398611744865775,0.04267124831676483,0.0,0.26488929986953735,0.025682387873530388,0.38172563910484314,0.0007926163962110877,0.017575770616531372,0.0,0.27564775943756104,0.020141476765275,0.5120501518249512,0,<|im_start|>,other,1.375,-1.5, freshly | <tool_call> | .AnchorStyles | .Children | 吃什么
88,L21H12,head,4.625,0.5135135135135135,0.5945945945945946,0.5675675675675675,-0.08108108108108109,-0.05405405405405406,-0.05405405405405406,-0.10810810810810811,0.0020235746633261442,0.018716223537921906,0.0,0.05625530332326889,0.07468680292367935,0.09822580218315125,0.000251929450314492,0.013726243749260902,0.0,0.14672408998012543,0.11091861128807068,0.1346207857131958,111,\n,other,1.25,-1.125,<tool_call> | .AnchorStyles | 闪电 |  lắm | 周岁
88,L23H6,head,4.625,0.43243243243243246,0.43243243243243246,0.4594594594594595,-0.02702702702702703,-0.02702702702702703,-0.05405405405405406,-0.08108108108108109,0.0007954327156767249,0.0019589653238654137,0.0,0.0616779699921608,0.12060526758432388,0.3762960433959961,0.00024164901697076857,0.002046130131930113,0.0,0.11565083265304565,0.16997449100017548,0.3284618556499481,414,\n\n,other,1.0,-1.0,.AnchorStyles | <tool_call> | .Panel | \TestCase |  Kostenlos
88,L24H6,head,4.625,0.6486486486486487,0.7027027027027027,0.7297297297297297,0.0,0.7297297297297297,0.0,-0.13513513513513514,3.6058674595551565e-05,0.8766135573387146,0.0,0.032305460423231125,0.01229050848633051,0.06510776281356812,0.00041446645627729595,0.559093713760376,0.0,0.079673632979393,0.030780555680394173,0.28492531180381775,105,<tool_call>,tool_call_tags,0.75,-2.25, Linux | 旗下 | 间 |  ”\n\n |  �
88,MLP11,mlp,4.625,-0.08108108108108109,nan,nan,nan,nan,nan,nan,nan,nan,nan,nan,nan,nan,nan,nan,nan,nan,nan,nan,-1,,,0.125,0.5,manship | 撰 | 蠲 | 箫 | =============\n
88,MLP20,mlp,4.625,0.2972972972972973,nan,nan,nan,nan,nan,nan,nan,nan,nan,nan,nan,nan,nan,nan,nan,nan,nan,nan,-1,,,0.625,-0.75, meets | anded |  Airways | ัด |  promptly
88,MLP22,mlp,4.625,0.3783783783783784,nan,nan,nan,nan,nan,nan,nan,nan,nan,nan,nan,nan,nan,nan,nan,nan,nan,nan,-1,,,0.875,-0.875,对孩子 | .Preference |  대해서 | -quarter |  youths
88,MLP27,mlp,4.625,0.5135135135135135,nan,nan,nan,nan,nan,nan,nan,nan,nan,nan,nan,nan,nan,nan,nan,nan,nan,nan,-1,,,1.5,-0.875,.Master | 还可以 | .every |  equal | 题主
89,L17H8,head,9.375,0.4,0.013333333333333334,0.13333333333333333,0.0,0.013333333333333334,0.04,0.02666666666666667,0.003204670734703541,0.011753406375646591,0.0,0.23523621261119843,0.0854736715555191,0.14939510822296143,0.014472474344074726,0.005347886122763157,0.0,0.3261740803718567,0.07687461376190186,0.27299267053604126,0,<|im_start|>,other,1.375,-2.375, charged | <tool_call> |  letters |  either | .AnchorStyles
89,L20H5,head,9.375,0.32,0.10666666666666667,0.22666666666666666,0.013333333333333334,0.0,0.013333333333333334,0.14666666666666667,0.0001829334651120007,0.011353288777172565,0.0,0.38567036390304565,0.06746650487184525,0.025720108300447464,0.00020273032714612782,0.005874788388609886,0.0,0.681529700756073,0.05809653177857399,0.02018911950290203,29,></,other,1.0,-2.0, charged |  striped |  Uran |  Cruise | 产后
89,L21H1,head,9.375,0.56,-0.02666666666666667,0.4666666666666667,-0.04,0.013333333333333334,-0.04,0.0,0.0025855633430182934,0.048017263412475586,0.0,0.26916787028312683,0.024115972220897675,0.2491966038942337,0.00059870770201087,0.018951252102851868,0.0,0.32783186435699463,0.024370403960347176,0.4284673035144806,0,<|im_start|>,other,1.875,-3.375, τ |  ● |  drilled |  � |  polled
89,L21H12,head,9.375,0.49333333333333335,0.4533333333333333,0.4666666666666667,-0.06666666666666667,-0.02666666666666667,-0.08,-0.06666666666666667,0.0034080841578543186,0.022427747026085854,0.0,0.05141930654644966,0.035555168986320496,0.07405031472444534,0.0005026187864132226,0.01432313583791256,0.0,0.18413129448890686,0.0781865119934082,0.14761212468147278,111,\n,other,1.625,-3.0,闪电 |  τ |  ● |  Carl |  Flutter
89,L23H6,head,9.375,0.30666666666666664,0.30666666666666664,0.32,-0.04,-0.04,-0.02666666666666667,-0.013333333333333334,0.0010713598458096385,0.0025265454314649105,0.0,0.07300488650798798,0.10214303433895111,0.40065711736679077,0.0005370636354200542,0.002670015674084425,0.0,0.17614683508872986,0.17270736396312714,0.3195481598377228,358,\n\n,other,1.125,-1.75,.AnchorStyles | .Panel |  threads | <tool_call> | MouseClicked
89,L24H6,head,9.375,0.29333333333333333,0.3466666666666667,0.37333333333333335,-0.02666666666666667,0.37333333333333335,-0.04,-0.06666666666666667,2.4281827791128308e-05,0.9244983196258545,0.0,0.013114118948578835,0.007367693819105625,0.04297205060720444,0.00036519256536848843,0.6614767909049988,0.0,0.059725310653448105,0.028015226125717163,0.21045289933681488,105,<tool_call>,tool_call_tags,0.375,-2.375, King |  � | 间 |  White |  track
89,MLP11,mlp,9.375,0.13333333333333333,nan,nan,nan,nan,nan,nan,nan,nan,nan,nan,nan,nan,nan,nan,nan,nan,nan,nan,-1,,,0.0,-1.25,руч | 产 |  powsta | ư | 曰
89,MLP20,mlp,9.375,0.18666666666666668,nan,nan,nan,nan,nan,nan,nan,nan,nan,nan,nan,nan,nan,nan,nan,nan,nan,nan,-1,,,0.625,-1.125,主持人 | ampled |  passports |  meets | 熊猫
89,MLP22,mlp,9.375,0.3466666666666667,nan,nan,nan,nan,nan,nan,nan,nan,nan,nan,nan,nan,nan,nan,nan,nan,nan,nan,-1,,,1.0,-2.25,产后 | .Children |  Carl | mıştır |  Bull
89,MLP27,mlp,9.375,0.4533333333333333,nan,nan,nan,nan,nan,nan,nan,nan,nan,nan,nan,nan,nan,nan,nan,nan,nan,nan,-1,,,1.25,-3.0,快三 | ⻄ | =(- | _Word | .every
90,L17H8,head,6.0,0.2916666666666667,0.0625,0.020833333333333332,-0.020833333333333332,-0.020833333333333332,0.041666666666666664,0.0,0.0036437134258449078,0.0071550533175468445,0.0,0.24181610345840454,0.11714213341474533,0.14870144426822662,0.013214143924415112,0.003459413768723607,0.0,0.29795730113983154,0.11040466278791428,0.2784607708454132,0,<|im_start|>,other,0.625,-1.125, either | .AnchorStyles |  RTWF | 减持 | .setVerticalGroup
90,L20H5,head,6.0,0.25,0.0625,0.22916666666666666,0.041666666666666664,0.0,0.020833333333333332,0.1875,0.00017830594151746482,0.020645389333367348,0.0,0.3223322629928589,0.16980452835559845,0.03536839783191681,0.00025067327078431845,0.01190534234046936,0.0,0.5520500540733337,0.16032829880714417,0.03289814665913582,29,></,other,0.5,-1.0, ++)\n |  charged |  Republican |  Affero |  jspb
90,L21H1,head,6.0,0.375,-0.10416666666666667,0.25,-0.125,-0.0625,-0.125,-0.125,0.0013676696689799428,0.051221635192632675,0.0,0.15185683965682983,0.0164500679820776,0.5077875256538391,0.00031177132041193545,0.01702861487865448,0.0,0.17052310705184937,0.0162897277623415,0.6270272135734558,0,<|im_start|>,other,0.875,-1.375, ● |  · | .setVerticalGroup |  τ |  �
90,L21H12,head,6.0,0.4583333333333333,0.4166666666666667,0.4166666666666667,-0.10416666666666667,-0.08333333333333333,-0.10416666666666667,-0.0625,0.0027866135351359844,0.02001434750854969,0.0,0.06146640703082085,0.043576259166002274,0.08269099146127701,0.0003000664000865072,0.011541549116373062,0.0,0.1762116551399231,0.09713567048311234,0.13769091665744781,111,\n,other,1.0,-1.75, ● |  Carl |  τ | 川 | 闪电
90,L23H6,head,6.0,0.2708333333333333,0.2916666666666667,0.2708333333333333,-0.020833333333333332,-0.020833333333333332,-0.020833333333333332,-0.020833333333333332,0.00039492620271630585,0.003229487221688032,0.0,0.04892731457948685,0.11109250038862228,0.3771499693393707,0.00021841521083842963,0.003426723647862673,0.0,0.09712796658277512,0.15762916207313538,0.35622870922088623,265,\n\n,other,0.625,-1.0,川 | .AnchorStyles |  Interracial |  ++)\n | .Panel
90,L24H6,head,6.0,0.25,0.3541666666666667,0.3958333333333333,-0.041666666666666664,0.375,-0.041666666666666664,-0.10416666666666667,1.4681367247249e-05,0.9193456172943115,0.0,0.01899435557425022,0.013133246451616287,0.034834422171115875,0.00016147889255080372,0.7231957316398621,0.0,0.05435347184538841,0.03923165053129196,0.13837216794490814,105,<tool_call>,tool_call_tags,0.125,-1.375, � |  Linux |  SW |  Method |  track
90,MLP11,mlp,6.0,0.020833333333333332,nan,nan,nan,nan,nan,nan,nan,nan,nan,nan,nan,nan,nan,nan,nan,nan,nan,nan,-1,,,0.25,0.125,.Perform | oning | manship | .scalar | icing
90,MLP20,mlp,6.0,0.10416666666666667,nan,nan,nan,nan,nan,nan,nan,nan,nan,nan,nan,nan,nan,nan,nan,nan,nan,nan,-1,,,0.5,-0.125,主持人 | 	assertTrue | .cvtColor | (undefined | 门户网站
90,MLP22,mlp,6.0,0.22916666666666666,nan,nan,nan,nan,nan,nan,nan,nan,nan,nan,nan,nan,nan,nan,nan,nan,nan,nan,-1,,,0.5,-0.875,情 | 产后 | 轾 | 毒性 | mıştır
90,MLP27,mlp,6.0,0.3125,nan,nan,nan,nan,nan,nan,nan,nan,nan,nan,nan,nan,nan,nan,nan,nan,nan,nan,-1,,,0.875,-1.0,或者其他 | 快三 | 错过 | =(- | •\n\n
91,L17H8,head,6.875,0.32727272727272727,0.03636363636363636,0.12727272727272726,-0.01818181818181818,-0.05454545454545454,-0.01818181818181818,-0.07272727272727272,0.0029940102249383926,0.007490974850952625,0.0,0.2737478017807007,0.08116226643323898,0.1233316957950592,0.009929672814905643,0.004267324693500996,0.0,0.3426831364631653,0.08172101527452469,0.21744462847709656,0,<|im_start|>,other,0.875,-1.375,<tool_call> | \TestCase |  freshly | .AnchorStyles |  �
91,L20H5,head,6.875,0.3090909090909091,0.14545454545454545,0.16363636363636364,0.0,0.0,0.0,0.2,0.00016106625844258815,0.01562524400651455,0.0,0.39916756749153137,0.1513592153787613,0.03438933566212654,0.00023449552827514708,0.012046017684042454,0.0,0.574353039264679,0.14781057834625244,0.02880159579217434,139,.py,user_block,0.5,-1.625, charged |  oral |  orally |  crucial |  Minority
91,L21H1,head,6.875,0.5636363636363636,0.0,0.45454545454545453,-0.03636363636363636,0.10909090909090909,0.0,0.01818181818181818,0.001785635482519865,0.061953604221343994,0.0,0.17858606576919556,0.018526526167988777,0.45554205775260925,0.0003555737202987075,0.01886000670492649,0.0,0.2195589542388916,0.015449650585651398,0.5679323077201843,0,<|im_start|>,other,1.5,-2.375,<tool_call> |  letters |  carried |  freshly |  oral
91,L21H12,head,6.875,0.4727272727272727,0.43636363636363634,0.4727272727272727,-0.07272727272727272,-0.03636363636363636,-0.03636363636363636,-0.03636363636363636,0.004416599869728088,0.025194954127073288,0.0,0.07488775253295898,0.04325810819864273,0.08711281418800354,0.00016514926392119378,0.01466670073568821,0.0,0.16291816532611847,0.0775376707315445,0.11461200565099716,111,\n,other,1.25,-2.0,<tool_call> | .AnchorStyles |  callable | 闪电 |  ●
91,L23H6,head,6.875,0.3090909090909091,-0.01818181818181818,0.32727272727272727,-0.03636363636363636,-0.01818181818181818,-0.01818181818181818,-0.05454545454545454,0.0005938571994192898,0.006140326615422964,0.0,0.06545308232307434,0.10823693871498108,0.4311278164386749,0.00030288012931123376,0.008976071141660213,0.0,0.1270948201417923,0.18017266690731049,0.38565218448638916,0,<|im_start|>,other,0.75,-1.375,.AnchorStyles | <tool_call> | .Panel | \TestCase |  quarters
91,L24H6,head,6.875,0.4909090909090909,0.5818181818181818,0.6181818181818182,0.0,0.5818181818181818,-0.01818181818181818,-0.09090909090909091,2.9455788535415195e-05,0.9003138542175293,0.0,0.0192913506180048,0.010808160528540611,0.0570264533162117,0.0002353874297114089,0.6046492457389832,0.0,0.06298621743917465,0.03146141767501831,0.2582099139690399,105,<tool_call>,tool_call_tags,0.75,-2.625,旗下 |  � | .Arrays | 间 | .AnchorStyles
91,MLP11,mlp,6.875,-0.2,nan,nan,nan,nan,nan,nan,nan,nan,nan,nan,nan,nan,nan,nan,nan,nan,nan,nan,-1,,,-0.75,0.625,def | rai | iao | obe | rollo
91,MLP20,mlp,6.875,0.07272727272727272,nan,nan,nan,nan,nan,nan,nan,nan,nan,nan,nan,nan,nan,nan,nan,nan,nan,nan,-1,,,0.5,0.0,ampled |  batches | peater | 流水 |  taxpayer
91,MLP22,mlp,6.875,0.2727272727272727,nan,nan,nan,nan,nan,nan,nan,nan,nan,nan,nan,nan,nan,nan,nan,nan,nan,nan,-1,,,0.75,-1.125,.Preference | 对孩子 |  youths | atedRoute | 轾
91,MLP27,mlp,6.875,0.41818181818181815,nan,nan,nan,nan,nan,nan,nan,nan,nan,nan,nan,nan,nan,nan,nan,nan,nan,nan,-1,,,1.625,-1.25,".Master | .every | =["" | 或者其他 | 的经典"
92,L17H8,head,4.5,0.5833333333333334,0.19444444444444445,0.25,0.16666666666666666,0.16666666666666666,0.16666666666666666,0.05555555555555555,0.0023960592225193977,0.005006211809813976,0.0,0.20079419016838074,0.11692659556865692,0.21595844626426697,0.012940765358507633,0.003378522815182805,0.0,0.24649199843406677,0.10936866700649261,0.3015664517879486,0,<|im_start|>,other,1.125,-1.5,.AnchorStyles | <tool_call> | \TestCase | .SubItems | .DateField
92,L20H5,head,4.5,0.3611111111111111,0.08333333333333333,0.2777777777777778,0.08333333333333333,0.1111111111111111,0.1111111111111111,0.16666666666666666,0.00017150254279840738,0.010994825512170792,0.0,0.3907736837863922,0.1505785435438156,0.05957834795117378,0.0002272583806188777,0.008442578837275505,0.0,0.5499608516693115,0.14263422787189484,0.041574154049158096,139,.py,user_block,0.625,-1.0, orally |  striped |  oral |  hot |  western
92,L21H1,head,4.5,0.4166666666666667,-0.1388888888888889,0.3333333333333333,-0.16666666666666666,0.0,-0.1111111111111111,-0.1111111111111111,0.0014731878181919456,0.028889063745737076,0.0,0.20723623037338257,0.020451923832297325,0.4669607877731323,0.0002694133436307311,0.013697754591703415,0.0,0.20871135592460632,0.020303308963775635,0.561994731426239,0,<|im_start|>,other,0.875,-1.0,.AnchorStyles | <tool_call> |  RTWF | MouseClicked | \TestCase
92,L21H12,head,4.5,0.5277777777777778,0.5555555555555556,0.4722222222222222,-0.08333333333333333,-0.1111111111111111,-0.1111111111111111,-0.027777777777777776,0.002233775332570076,0.011244317516684532,0.0,0.0650634840130806,0.046847499907016754,0.14280788600444794,0.0002021940890699625,0.010622150264680386,0.0,0.14296071231365204,0.08297917991876602,0.17054806649684906,111,\n,other,1.125,-1.25,<tool_call> | 闪电 | .AnchorStyles |  lắm | WithDuration
92,L23H6,head,4.5,0.3888888888888889,-0.027777777777777776,0.4166666666666667,-0.027777777777777776,-0.027777777777777776,-0.027777777777777776,-0.08333333333333333,0.0004547663265839219,0.003035553265362978,0.0,0.08400457352399826,0.1449299156665802,0.40743356943130493,0.00023001109366305172,0.003296311479061842,0.0,0.13792406022548676,0.1880204975605011,0.36394214630126953,0,<|im_start|>,other,0.625,-1.125,.AnchorStyles | .Panel | <tool_call> | MouseClicked |  lắm
92,L24H6,head,4.5,0.4444444444444444,0.4722222222222222,0.5277777777777778,-0.027777777777777776,0.5277777777777778,-0.027777777777777776,-0.08333333333333333,8.247394725913182e-05,0.745585560798645,0.0,0.03051057830452919,0.020102662965655327,0.17432403564453125,0.0002836798958014697,0.5766090750694275,0.0,0.05228690803050995,0.03769196569919586,0.2897889018058777,105,<tool_call>,tool_call_tags,0.5,-1.5, Linux | .Button | .Arrays | \TestCase | .AnchorStyles
92,MLP11,mlp,4.5,0.2777777777777778,nan,nan,nan,nan,nan,nan,nan,nan,nan,nan,nan,nan,nan,nan,nan,nan,nan,nan,-1,,,0.375,-0.875,ihan | manship | Executing | 	while |  stealing
92,MLP20,mlp,4.5,0.1388888888888889,nan,nan,nan,nan,nan,nan,nan,nan,nan,nan,nan,nan,nan,nan,nan,nan,nan,nan,-1,,,0.25,-0.375,	def |  def | 山坡 | Transparent | (def
92,MLP22,mlp,4.5,0.3055555555555556,nan,nan,nan,nan,nan,nan,nan,nan,nan,nan,nan,nan,nan,nan,nan,nan,nan,nan,-1,,,0.5,-0.875,舶 |  iPhones |  coward |  açısından |  benz
92,MLP27,mlp,4.5,0.3055555555555556,nan,nan,nan,nan,nan,nan,nan,nan,nan,nan,nan,nan,nan,nan,nan,nan,nan,nan,-1,,,0.875,-0.5,还可以 | 还能 | 无所谓 | 错过 |  vastly
94,L17H8,head,5.625,0.35555555555555557,0.0,0.1111111111111111,-0.022222222222222223,-0.022222222222222223,0.06666666666666667,0.022222222222222223,0.002238806337118149,0.005304746329784393,0.0,0.2090376317501068,0.08703329414129257,0.135655477643013,0.011411740444600582,0.0025771181099116802,0.0,0.3171795606613159,0.10136119276285172,0.242259681224823,0,<|im_start|>,other,1.0,-1.0, either | 周岁 |  ● | .assertIn | .AnchorStyles
94,L20H5,head,5.625,0.2,0.0,0.1111111111111111,-0.06666666666666667,0.0,-0.08888888888888889,0.06666666666666667,0.00013641337864100933,0.02938813716173172,0.0,0.21992391347885132,0.21469178795814514,0.033249661326408386,0.000288324779830873,0.016381409019231796,0.0,0.4733332693576813,0.20150810480117798,0.0327572226524353,29,></,other,0.625,-0.5, charged |  ++)\n |  orally |  striped |  Cruise
94,L21H1,head,5.625,0.4222222222222222,-0.17777777777777778,0.3333333333333333,-0.15555555555555556,-0.08888888888888889,-0.13333333333333333,-0.08888888888888889,0.0009846135508269072,0.058411117643117905,0.0,0.14269381761550903,0.02384231425821781,0.4293307065963745,0.00027833119384013116,0.022257059812545776,0.0,0.18426552414894104,0.026799406856298447,0.5720527172088623,0,<|im_start|>,other,1.125,-1.25, ● |  polled |  τ |  RTWF |  �
94,L21H12,head,5.625,0.4222222222222222,0.4,0.4222222222222222,-0.15555555555555556,-0.08888888888888889,-0.1111111111111111,-0.06666666666666667,0.0010579106165096164,0.02413547784090042,0.0,0.041262902319431305,0.02923482656478882,0.08117102086544037,0.00018311693565919995,0.019370807334780693,0.0,0.14068280160427094,0.07719610631465912,0.14200150966644287,111,\n,other,1.0,-1.375, ● | 川 |  Carl |  Flutter |  polled
94,L23H6,head,5.625,0.26666666666666666,0.3111111111111111,0.28888888888888886,-0.044444444444444446,-0.044444444444444446,-0.044444444444444446,-0.13333333333333333,0.0004923010710626841,0.005517853423953056,0.0,0.07017013430595398,0.11618421971797943,0.41515517234802246,0.00029042758978903294,0.0057643745094537735,0.0,0.14389875531196594,0.19462493062019348,0.39061322808265686,253,\n\n,other,0.75,-0.75,.AnchorStyles |  Carlton | .Panel |  Kerry | ARRIER
94,L24H6,head,5.625,0.3111111111111111,0.4,0.4222222222222222,-0.022222222222222223,0.4,-0.022222222222222223,-0.1111111111111111,1.1182119123986922e-05,0.9203125238418579,0.0,0.012735797092318535,0.010192092508077621,0.04257064685225487,0.000148325867485255,0.7181813716888428,0.0,0.04009855166077614,0.03682418167591095,0.17177540063858032,105,<tool_call>,tool_call_tags,0.25,-1.5, � |  Linux |  track | 神 | 间
94,MLP11,mlp,5.625,0.26666666666666666,nan,nan,nan,nan,nan,nan,nan,nan,nan,nan,nan,nan,nan,nan,nan,nan,nan,nan,-1,,,0.75,-0.75,川 | 以及其他 | 逮 |  ++)\n | -dismiss
94,MLP20,mlp,5.625,0.08888888888888889,nan,nan,nan,nan,nan,nan,nan,nan,nan,nan,nan,nan,nan,nan,nan,nan,nan,nan,-1,,,0.625,0.125,.transaction | ointment |  justo | 熊猫 |  Airways
94,MLP22,mlp,5.625,0.26666666666666666,nan,nan,nan,nan,nan,nan,nan,nan,nan,nan,nan,nan,nan,nan,nan,nan,nan,nan,-1,,,0.625,-0.875,产后 | mıştır |  appar |  dürfen | 让孩子
94,MLP27,mlp,5.625,0.1111111111111111,nan,nan,nan,nan,nan,nan,nan,nan,nan,nan,nan,nan,nan,nan,nan,nan,nan,nan,-1,,,1.125,0.5,•\n\n | 或者其他 | .every | Ĩ | 错过
95,L17H8,head,9.5,0.2236842105263158,0.05263157894736842,0.02631578947368421,-0.02631578947368421,0.02631578947368421,0.02631578947368421,-0.039473684210526314,0.0031453571282327175,0.0073424470610916615,0.0,0.1739891767501831,0.16202667355537415,0.1771254986524582,0.01699933037161827,0.003507977817207575,0.0,0.28167709708213806,0.12791141867637634,0.28334614634513855,0,<|im_start|>,other,1.0,-1.125,<tool_call> | ัว | .SubItems | .DateTimeField |  quarters
95,L20H5,head,9.5,0.2236842105263158,0.18421052631578946,0.19736842105263158,0.0,0.013157894736842105,0.0,0.17105263157894737,0.00016802649770397693,0.00757378526031971,0.0,0.6047535538673401,0.07885000109672546,0.014199708588421345,0.00019067506946157664,0.0055111488327383995,0.0,0.7636056542396545,0.06086159870028496,0.01104615069925785,139,.py,user_block,1.0,-1.125,<tool_call> |  Púb | atedRoute | heets | ��索
95,L21H1,head,9.5,0.47368421052631576,0.0,0.3815789473684211,-0.02631578947368421,0.05263157894736842,-0.02631578947368421,-0.039473684210526314,0.0025346041657030582,0.03489263355731964,0.0,0.28758925199508667,0.023682240396738052,0.3962172567844391,0.000937965523917228,0.013086787424981594,0.0,0.28772854804992676,0.020411169156432152,0.5151103138923645,0,<|im_start|>,other,2.25,-2.25,<tool_call> | fragistics | .DateField |  entrenched | .AnchorStyles
95,L21H12,head,9.5,0.40789473684210525,0.4473684210526316,0.42105263157894735,-0.07894736842105263,-0.039473684210526314,-0.09210526315789473,-0.07894736842105263,0.004113887436687946,0.014000304974615574,0.0,0.06259065121412277,0.07892213761806488,0.0967119112610817,0.00046362311695702374,0.008418288081884384,0.0,0.1341489553451538,0.12318824231624603,0.12670773267745972,111,\n,other,2.0,-1.875,<tool_call> | .AnchorStyles | .Cursor | .KeyChar | .DateField
95,L23H6,head,9.5,0.2631578947368421,0.32894736842105265,0.32894736842105265,-0.05263157894736842,-0.05263157894736842,-0.039473684210526314,-0.039473684210526314,0.0007005458464846015,0.0034913269337266684,0.0,0.06227555125951767,0.13836310803890228,0.3079131245613098,0.00028730143094435334,0.0035769278183579445,0.0,0.12920540571212769,0.1914544701576233,0.2626085877418518,482,\n\n,other,1.25,-1.25,<tool_call> | .AnchorStyles | .KeyChar | fragistics | .Panel
95,L24H6,head,9.5,0.5,0.4868421052631579,0.5394736842105263,-0.02631578947368421,0.5526315789473685,-0.013157894736842105,-0.05263157894736842,0.00011070453183492646,0.7962073087692261,0.0,0.030189020559191704,0.014235667884349823,0.12931190431118011,0.000498338951729238,0.4586133658885956,0.0,0.0749485120177269,0.03150041028857231,0.3708086609840393,105,<tool_call>,tool_call_tags,1.75,-3.0,.DateField | 旗下 | .MapPath | ablish | <tool_call>
95,MLP11,mlp,9.5,-0.10526315789473684,nan,nan,nan,nan,nan,nan,nan,nan,nan,nan,nan,nan,nan,nan,nan,nan,nan,nan,-1,,,-0.5,0.5,I | 我没有 | Cx | IMA | IW
95,MLP20,mlp,9.5,0.05263157894736842,nan,nan,nan,nan,nan,nan,nan,nan,nan,nan,nan,nan,nan,nan,nan,nan,nan,nan,-1,,,0.375,-0.125,ischer |  def | ampled |  Champ | achts
95,MLP22,mlp,9.5,0.2894736842105263,nan,nan,nan,nan,nan,nan,nan,nan,nan,nan,nan,nan,nan,nan,nan,nan,nan,nan,-1,,,1.125,-1.625,ointed | ่วน | olicited | SqlServer | 情
95,MLP27,mlp,9.5,0.47368421052631576,nan,nan,nan,nan,nan,nan,nan,nan,nan,nan,nan,nan,nan,nan,nan,nan,nan,nan,-1,,,1.75,-2.75,.Master |  quarters | <tool_call> |  equal | 还可以
